None,ticker,Date,Open,High,Low,Close,Volume,Adj_Close
0,AMZN,3/27/2018,1572.4,1575.96,1482.32,1497.05,6793279,1497.05
1,AMZN,3/26/2018,1530,1556.99,1499.25,1555.86,5547618,1555.86
2,AMZN,3/23/2018,1539.01,1549.02,1495.36,1495.56,7843966,1495.56
3,AMZN,3/22/2018,1565.47,1573.85,1542.4,1544.1,6177737,1544.1
4,AMZN,3/21/2018,1586.45,1590,1563.17,1581.86,4667291,1581.86
5,AMZN,3/20/2018,1550.34,1587,1545.41,1586.51,4507049,1586.51
6,AMZN,3/19/2018,1554.53,1561.66,1525.35,1544.93,6376619,1544.93
7,AMZN,3/16/2018,1583.45,1589.44,1567.5,1571.68,5145054,1571.68
8,AMZN,3/15/2018,1595,1596.91,1578.11,1582.32,4026744,1582.32
9,AMZN,3/14/2018,1597,1606.44,1590.89,1591,4164395,1591
10,AMZN,3/13/2018,1615.96,1617.54,1578.01,1588.18,6427066,1588.18
11,AMZN,3/12/2018,1592.6,1605.33,1586.7,1598.39,5115886,1598.39
12,AMZN,3/9/2018,1563.5,1578.94,1559.08,1578.89,4417059,1578.89
13,AMZN,3/8/2018,1550,1554.88,1545.25,1551.86,3512528,1551.86
14,AMZN,3/7/2018,1526.52,1545.9,1522.51,1545,4174123,1545
15,AMZN,3/6/2018,1533.2,1542.13,1528,1537.64,4561718,1537.64
16,AMZN,3/5/2018,1494.24,1525.38,1481,1523.61,5233934,1523.61
17,AMZN,3/2/2018,1469.1,1501.05,1455.01,1500.25,6587564,1500.25
18,AMZN,3/1/2018,1513.6,1518.49,1465,1493.45,6835230,1493.45
19,AMZN,2/28/2018,1519.51,1528.7,1512,1512.45,4426580,1512.45
20,AMZN,2/27/2018,1524.5,1526.78,1507.21,1511.98,4708378,1511.98
21,AMZN,2/26/2018,1509.2,1522.84,1507,1521.95,4909053,1521.95
22,AMZN,2/23/2018,1495.34,1500,1486.5,1500,4327008,1500
23,AMZN,2/22/2018,1495.36,1502.54,1475.76,1484.76,4732555,1484.76
24,AMZN,2/21/2018,1485,1503.49,1478.92,1482.92,6216694,1482.92
25,AMZN,2/20/2018,1446.49,1488.77,1446.49,1468.35,6388374,1468.35
26,AMZN,2/16/2018,1457.37,1465.8,1446.56,1448.69,4410879,1448.69
27,AMZN,2/15/2018,1466.89,1468.94,1436.84,1461.76,5598111,1461.76
28,AMZN,2/14/2018,1406.25,1452.06,1403.36,1451.05,5881238,1451.05
29,AMZN,2/13/2018,1385.93,1419.72,1383.53,1414.51,5858860,1414.51
30,AMZN,2/12/2018,1364.67,1393.81,1344.01,1386.23,6682214,1386.23
31,AMZN,2/9/2018,1373.49,1383.5,1265.93,1338.99,13787886,1338.99
32,AMZN,2/8/2018,1429.67,1433.75,1349.94,1350.47,8108560,1350.47
33,AMZN,2/7/2018,1449,1460.99,1415.15,1416.78,7066828,1416.78
34,AMZN,2/6/2018,1361.46,1443.99,1351.79,1442.84,10773963,1442.84
35,AMZN,2/5/2018,1402.62,1458.98,1320.72,1396.62,10756332,1396.62
36,AMZN,2/2/2018,1477.39,1498,1414,1431,10915962,1431
37,AMZN,2/1/2018,1445,1459.88,1385.14,1390,7812953,1390
38,AMZN,1/31/2018,1451.3,1472.58,1450.04,1451.65,6220396,1451.65
39,AMZN,1/30/2018,1403.17,1439.25,1392,1437.82,5736512,1437.82
40,AMZN,1/29/2018,1409.18,1431.39,1400.44,1417.68,5628992,1417.68
41,AMZN,1/26/2018,1392.01,1402.53,1380.91,1402.05,4584082,1402.05
42,AMZN,1/25/2018,1368,1378.34,1357.62,1377.95,4621862,1377.95
43,AMZN,1/24/2018,1374.82,1388.16,1338,1357.51,6730084,1357.51
44,AMZN,1/23/2018,1338.09,1364.9,1337.34,1362.54,5056764,1362.54
45,AMZN,1/22/2018,1297.17,1327.45,1296.66,1327.31,3970151,1327.31
46,AMZN,1/19/2018,1312,1313,1292.99,1294.58,4395070,1294.58
47,AMZN,1/18/2018,1293.95,1304.6,1284.02,1293.32,3941007,1293.32
48,AMZN,1/17/2018,1312.24,1314,1280.88,1295,5166748,1295
49,AMZN,1/16/2018,1323,1339.94,1292.3,1304.86,7111172,1304.86
50,AMZN,1/12/2018,1273.39,1305.76,1273.39,1305.2,5360681,1305.2
51,AMZN,1/11/2018,1259.74,1276.77,1256.46,1276.68,3075315,1276.68
52,AMZN,1/10/2018,1245.15,1254.33,1237.23,1254.33,2659507,1254.33
53,AMZN,1/9/2018,1256.9,1259.33,1241.76,1252.7,3646681,1252.7
54,AMZN,1/8/2018,1236,1253.08,1232.03,1246.87,4177533,1246.87
55,AMZN,1/5/2018,1217.51,1229.14,1210,1229.14,3430148,1229.14
56,AMZN,1/4/2018,1205,1215.87,1204.66,1209.59,3000366,1209.59
57,AMZN,1/3/2018,1188.3,1205.49,1188.3,1204.2,3044664,1204.2
58,AMZN,1/2/2018,1172,1190,1170.51,1189.01,2587899,1189.01
59,AMZN,12/29/2017,1182.35,1184,1167.5,1169.47,2625283,1169.47
60,AMZN,12/28/2017,1189,1190.1,1184.38,1186.1,1803460,1186.1
61,AMZN,12/27/2017,1179.91,1187.29,1175.61,1182.26,1779382,1182.26
62,AMZN,12/26/2017,1168.36,1178.32,1160.55,1176.76,1964871,1176.76
63,AMZN,12/22/2017,1172.08,1174.62,1167.83,1168.36,1553997,1168.36
64,AMZN,12/21/2017,1175.9,1179.17,1167.64,1174.76,2042448,1174.76
65,AMZN,12/20/2017,1190.5,1191,1176,1177.62,2318916,1177.62
66,AMZN,12/19/2017,1189.15,1192.97,1179.14,1187.38,2555235,1187.38
67,AMZN,12/18/2017,1187.37,1194.78,1180.91,1190.58,2767271,1190.58
68,AMZN,12/15/2017,1179.03,1182.75,1169.33,1179.14,4539895,1179.14
69,AMZN,12/14/2017,1163.71,1177.93,1162.45,1174.26,3069993,1174.26
70,AMZN,12/13/2017,1170,1170.87,1160.27,1164.13,2555053,1164.13
71,AMZN,12/12/2017,1166.51,1173.6,1161.61,1165.08,2197697,1165.08
72,AMZN,12/11/2017,1164.6,1169.9,1157,1168.92,2257922,1168.92
73,AMZN,12/8/2017,1170.4,1172.79,1157.1,1162,2957785,1162
74,AMZN,12/7/2017,1156.59,1163.19,1151,1159.79,2408323,1159.79
75,AMZN,12/6/2017,1137.99,1155.89,1136.08,1152.35,2756730,1152.35
76,AMZN,12/5/2017,1128.26,1159.27,1124.74,1141.57,4033184,1141.57
77,AMZN,12/4/2017,1173.85,1175.2,1128,1133.95,5872358,1133.95
78,AMZN,12/1/2017,1172.05,1179.65,1152,1162.35,4070722,1162.35
79,AMZN,11/30/2017,1167.1,1178.57,1160,1176.75,4406535,1176.75
80,AMZN,11/29/2017,1194.8,1194.8,1145.19,1161.27,9179567,1161.27
81,AMZN,11/28/2017,1204.88,1205.34,1188.52,1193.6,4463476,1193.6
82,AMZN,11/27/2017,1202.66,1213.41,1191.15,1195.83,6701343,1195.83
83,AMZN,11/24/2017,1160.7,1186.84,1160.7,1186,3526582,1186
84,AMZN,11/22/2017,1141,1160.27,1141,1156.16,3516336,1156.16
85,AMZN,11/21/2017,1132.86,1140,1128.2,1139.49,2449503,1139.49
86,AMZN,11/20/2017,1129.77,1133.42,1122.55,1126.31,2134381,1126.31
87,AMZN,11/17/2017,1138.28,1138.8,1125.81,1129.88,2333554,1129.88
88,AMZN,11/16/2017,1130.16,1138.16,1130.05,1137.29,2190456,1137.29
89,AMZN,11/15/2017,1127.01,1131.75,1121.63,1126.69,3897230,1126.69
90,AMZN,11/14/2017,1130.11,1138,1123.89,1136.84,3042295,1136.84
91,AMZN,11/13/2017,1123,1139.9,1122.34,1129.17,2897563,1129.17
92,AMZN,11/10/2017,1126.1,1131.75,1124.06,1125.35,2162985,1125.35
93,AMZN,11/9/2017,1125.96,1129.62,1115.77,1129.13,3661411,1129.13
94,AMZN,11/7/2017,1124.74,1130.6,1117.5,1123.17,2623474,1123.17
95,AMZN,11/6/2017,1109.15,1125.41,1108.77,1120.66,3313857,1120.66
96,AMZN,11/3/2017,1091.15,1112.68,1088.52,1111.6,3685172,1111.6
97,AMZN,11/2/2017,1097.81,1101.94,1086.87,1094.22,3658748,1094.22
98,AMZN,11/1/2017,1105.4,1108.97,1096.74,1103.68,3723680,1103.68
99,AMZN,10/31/2017,1109,1110.54,1101.12,1105.28,3428461,1105.28
100,AMZN,10/30/2017,1095.01,1122.79,1093.56,1110.85,6516639,1110.85
101,AMZN,10/27/2017,1058.14,1105.58,1050.55,1100.95,16360527,1100.95
102,AMZN,10/26/2017,980.33,982.9,968.55,972.43,3670282,972.43
103,AMZN,10/25/2017,978,984.44,966.24,972.91,2969295,972.91
104,AMZN,10/24/2017,969,979.85,965,975.9,2666782,975.9
105,AMZN,10/23/2017,986.73,986.775,962.5,966.3,3465469,966.3
106,AMZN,10/20/2017,993.53,994.62,982,982.91,2294145,982.91
107,AMZN,10/19/2017,990,991.05,980.24,986.61,3040066,986.61
108,AMZN,10/18/2017,1009.27,1022.31,996.55,997,2477357,997
109,AMZN,10/17/2017,1005.59,1011.47,1004.38,1009.13,2307075,1009.13
110,AMZN,10/16/2017,1008.44,1009.57,1001.04,1006.34,1991556,1006.34
111,AMZN,10/13/2017,1007,1007.77,1001.03,1002.94,2399403,1002.94
112,AMZN,10/12/2017,996.81,1008.44,992.4,1000.93,4056172,1000.93
113,AMZN,10/11/2017,991.27,995.5,986.695,995,2310872,995
114,AMZN,10/10/2017,996.67,997.95,980.099,987.2,3062820,987.2
115,AMZN,10/9/2017,993.24,998.5,987.5,990.99,2927994,990.99
116,AMZN,10/6/2017,975.64,995.75,975.64,989.58,3719840,989.58
117,AMZN,10/5/2017,970,981.51,969.64,980.85,3119487,980.85
118,AMZN,10/4/2017,954.21,967.79,954.05,965.45,2460721,965.45
119,AMZN,10/3/2017,958,963.69,950.37,957.1,2643484,957.1
120,AMZN,10/2/2017,964,967.305,952.1201,959.19,2415846,959.19
121,AMZN,9/29/2017,960.11,964.83,958.375,961.35,2411643,961.35
122,AMZN,9/28/2017,951.86,959.7,950.101,956.4,2512567,956.4
123,AMZN,9/27/2017,948,955.3,943.3,950.87,3111263,950.87
124,AMZN,9/26/2017,945.49,948.63,931.75,938.6,3464183,938.6
125,AMZN,9/25/2017,949.31,949.42,932.89,939.79,5065542,939.79
126,AMZN,9/22/2017,961.01,965.61,954.42,955.1,2602418,955.1
127,AMZN,9/21/2017,971.31,971.7,962.02,964.65,2252940,964.65
128,AMZN,9/20/2017,971.79,974.81,962.1626,973.21,2727355,973.21
129,AMZN,9/19/2017,977.25,978.24,967.46,969.86,2614059,969.86
130,AMZN,9/18/2017,990.4,992.7922,968.17,974.19,3376772,974.19
131,AMZN,9/15/2017,993.01,996.25,984.03,986.79,3697742,986.79
132,AMZN,9/14/2017,996.8,998.56,987.74,992.21,3788472,992.21
133,AMZN,9/13/2017,983.97,1000,979.42,999.6,3314978,999.6
134,AMZN,9/12/2017,983.27,984.6718,975.517,982.58,2444699,982.58
135,AMZN,9/11/2017,974.46,981.94,974.22,977.96,2134582,977.96
136,AMZN,9/8/2017,979.1,979.88,963.47,965.9,2578269,965.9
137,AMZN,9/7/2017,974,980.59,972.55,979.47,2536000,979.47
138,AMZN,9/6/2017,968.32,971.84,960.6,967.8,2106605,967.8
139,AMZN,9/5/2017,975.4,976.7699,960.37,965.27,2875228,965.27
140,AMZN,9/1/2017,984.2,984.5,976.875,978.25,2423132,978.25
141,AMZN,8/31/2017,974.7,981,972.76,980.6,3280945,980.6
142,AMZN,8/30/2017,958.44,969.41,956.9062,967.59,2860718,967.59
143,AMZN,8/29/2017,940,956,936.33,954.06,2853972,954.06
144,AMZN,8/28/2017,946.54,953,942.25,946.02,2529087,946.02
145,AMZN,8/25/2017,956,957.621,944.1,945.26,3292776,945.26
146,AMZN,8/24/2017,957.42,959,941.14,952.45,5086748,952.45
147,AMZN,8/23/2017,959.38,962,954.2,958,2590245,958
148,AMZN,8/22/2017,955.52,967.93,955.495,966.9,2718261,966.9
149,AMZN,8/21/2017,957.57,961.2,945.46,953.29,3008450,953.29
150,AMZN,8/18/2017,961.4,965.43,954.65,958.47,3248677,958.47
151,AMZN,8/17/2017,977.84,977.84,960.32,960.57,3396045,960.57
152,AMZN,8/16/2017,981.65,986.4605,973.22,978.18,3096051,978.18
153,AMZN,8/15/2017,988.9,991.74,982,982.74,2513139,982.74
154,AMZN,8/14/2017,978.41,985.5,976.19,983.3,3008007,983.3
155,AMZN,8/11/2017,960,970.39,951.38,967.99,3431423,967.99
156,AMZN,8/10/2017,976.295,979.86,954.68,956.92,5560388,956.92
157,AMZN,8/9/2017,982.6,988,975.27,982.01,3434077,982.01
158,AMZN,8/8/2017,994.35,996.28,985.79,989.84,2847527,989.84
159,AMZN,8/4/2017,989.68,991.672,982,987.58,2704026,987.58
160,AMZN,8/3/2017,999.47,999.5,984.59,986.92,3203134,986.92
161,AMZN,8/2/2017,1001.77,1003.21,981.73,995.89,4017780,995.89
162,AMZN,8/1/2017,996.11,1006.4,991.58,996.19,4421395,996.19
163,AMZN,7/31/2017,1019.05,1019.05,987.02,987.78,7246638,987.78
164,AMZN,7/28/2017,1012.14,1032.85,1001,1020.04,7624498,1020.04
165,AMZN,7/27/2017,1069.55,1083.31,1040.18,1046,9905158,1046
166,AMZN,7/26/2017,1043.2,1053.2,1043.2,1052.8,2828980,1052.8
167,AMZN,7/25/2017,1038.05,1043.33,1032.48,1039.87,2432328,1039.87
168,AMZN,7/24/2017,1028.34,1043.01,1027.43,1038.95,3212499,1038.95
169,AMZN,7/21/2017,1021.28,1026.1,1011,1025.67,2677517,1025.67
170,AMZN,7/20/2017,1031.59,1034.97,1022.52,1028.7,2964341,1028.7
171,AMZN,7/19/2017,1025,1031.59,1022.5,1026.87,2936902,1026.87
172,AMZN,7/18/2017,1006,1026.03,1004,1024.38,3957892,1024.38
173,AMZN,7/17/2017,1004.69,1014.75,1003.81,1010.04,3636801,1010.04
174,AMZN,7/14/2017,1002.4,1004.45,996.89,1001.81,2066362,1001.81
175,AMZN,7/13/2017,1004.62,1006.88,995.9,999.855,2864533,999.855
176,AMZN,7/12/2017,1000.65,1008.55,998.1,1006.51,3491988,1006.51
177,AMZN,7/11/2017,993,995.99,983.72,994.13,2947479,994.13
178,AMZN,7/10/2017,985,999.4392,983.5,996.47,3462884,996.47
179,AMZN,7/7/2017,969.55,980.11,969.14,978.76,2582645,978.76
180,AMZN,7/6/2017,964.66,974.4,959.02,965.14,3229378,965.14
181,AMZN,7/5/2017,961.53,975,955.25,971.4,3587645,971.4
182,AMZN,7/3/2017,972.79,974.49,951.0001,953.66,2908267,953.66
183,AMZN,6/30/2017,980.12,983.47,967.61,968,3309138,968
184,AMZN,6/29/2017,979,987.56,965.25,975.93,4246765,975.93
185,AMZN,6/28/2017,978.55,990.68,969.21,990.33,3708638,990.33
186,AMZN,6/27/2017,990.69,998.8,976,976.78,3735360,976.78
187,AMZN,6/26/2017,1008.5,1009.8,992,993.98,3347195,993.98
188,AMZN,6/23/2017,1002.54,1004.62,998.02,1003.74,2645973,1003.74
189,AMZN,6/22/2017,1002.23,1006.96,997.2,1001.3,2221035,1001.3
190,AMZN,6/21/2017,998.7,1002.72,992.6518,1002.23,2892563,1002.23
191,AMZN,6/20/2017,998,1004.88,992.02,992.59,4040990,992.59
192,AMZN,6/19/2017,1017,1017,989.9,995.17,4967600,995.17
193,AMZN,6/16/2017,996,999.75,982,987.71,11314754,987.71
194,AMZN,6/15/2017,958.7,965.73,950.86,964.17,5202147,964.17
195,AMZN,6/14/2017,988.59,990.34,966.71,976.47,3943670,976.47
196,AMZN,6/13/2017,977.99,984.5,966.1,980.79,4533933,980.79
197,AMZN,6/12/2017,967,975.95,945,964.83,9393802,964.83
198,AMZN,6/9/2017,1012.5,1012.99,927,978.31,7548854,978.31
199,AMZN,6/8/2017,1012.06,1013.61,1006.11,1009.94,2724408,1009.94
200,AMZN,6/7/2017,1005.95,1010.25,1002,1010.07,2779551,1010.07
201,AMZN,6/6/2017,1012,1016.5,1001.25,1002.97,3298378,1002.97
202,AMZN,6/5/2017,1007.23,1013.21,1003.51,1011.34,2676857,1011.34
203,AMZN,6/2/2017,998.99,1008.48,995.67,1006.73,3714954,1006.73
204,AMZN,6/1/2017,998.59,998.99,991.37,995.95,2384298,995.95
205,AMZN,5/31/2017,1000,1000.12,982.16,994.62,3912535,994.62
206,AMZN,5/30/2017,996.51,1001.2,995.52,996.7,3245760,996.7
207,AMZN,5/26/2017,995,998.65,989.2491,995.78,3394090,995.78
208,AMZN,5/25/2017,984.85,999,982.11,993.38,4737390,993.38
209,AMZN,5/24/2017,976,981,970.23,980.35,2407995,980.35
210,AMZN,5/23/2017,975.02,975.2,966.85,971.54,2395510,971.54
211,AMZN,5/22/2017,964,971.38,962.9,970.7,2613805,970.7
212,AMZN,5/19/2017,962.84,968.92,959.72,959.84,3846299,959.84
213,AMZN,5/18/2017,944.8,962.75,944.76,958.49,3876816,958.49
214,AMZN,5/17/2017,954.7,960.3957,944.12,944.52,5073254,944.52
215,AMZN,5/16/2017,961,970.06,960.91,966.07,3050005,966.07
216,AMZN,5/15/2017,958.73,963.15,956.055,957.97,4245856,957.97
217,AMZN,5/12/2017,954.5,962.79,951.53,961.35,3605620,961.35
218,AMZN,5/11/2017,945.11,950.29,940.775,947.62,2135393,947.62
219,AMZN,5/10/2017,953.5,953.7499,945,948.95,2083441,948.95
220,AMZN,5/9/2017,952.8,957.89,950.2,952.82,3230630,952.82
221,AMZN,5/8/2017,940.95,949.05,939.21,949.04,3370672,949.04
222,AMZN,5/5/2017,940.52,940.79,930.3,934.15,2856585,934.15
223,AMZN,5/4/2017,944.75,945,934.215,937.53,2380874,937.53
224,AMZN,5/3/2017,946,946,935.9,941.03,3544234,941.03
225,AMZN,5/2/2017,946.645,950.1,941.413,946.68,3800912,946.68
226,AMZN,5/1/2017,927.8,954.4,927.8,948.43,5415793,948.43
227,AMZN,4/28/2017,948.83,949.59,924.3335,924.99,7278819,924.99
228,AMZN,4/27/2017,914.39,921.86,912.11,918.76,4255693,918.76
229,AMZN,4/26/2017,910.3,915.749,907.56,909.29,2562595,909.29
230,AMZN,4/25/2017,907.04,909.48,903,907.62,3367734,907.62
231,AMZN,4/24/2017,908.68,909.99,903.82,907.41,3118123,907.41
232,AMZN,4/21/2017,902.67,903.65,896.77,898.53,2420494,898.53
233,AMZN,4/20/2017,899.7,905.32,896.29,902.06,2814441,902.06
234,AMZN,4/19/2017,907.84,910.5,897.369,899.2,2870242,899.2
235,AMZN,4/18/2017,900.99,909.61,900.78,903.78,2999238,903.78
236,AMZN,4/17/2017,887.5,902.38,887.5,901.99,2854673,901.99
237,AMZN,4/13/2017,891.45,894.97,884.49,884.67,3174583,884.67
238,AMZN,4/12/2017,903.09,904.09,895.2501,896.23,2456140,896.23
239,AMZN,4/11/2017,907.04,911.24,897.5,902.36,3012743,902.36
240,AMZN,4/10/2017,899.63,908.51,899,907.04,3184301,907.04
241,AMZN,4/7/2017,899.65,900.09,889.31,894.88,3707367,894.88
242,AMZN,4/6/2017,913.8,917.1899,894.4927,898.28,6344065,898.28
243,AMZN,4/5/2017,910.82,923.72,905.62,909.28,7508370,909.28
244,AMZN,4/4/2017,891.5,908.5384,890.28,906.83,4984656,906.83
245,AMZN,4/3/2017,888,893.49,885.42,891.51,3422328,891.51
246,AMZN,3/31/2017,877,890.35,876.65,886.54,3957612,886.54
247,AMZN,3/30/2017,874.95,877.06,871.66,876.34,2762730,876.34
248,AMZN,3/29/2017,859.05,876.438,859.02,874.32,4485770,874.32
249,AMZN,3/28/2017,851.75,858.46,850.1,856,3041633,856
250,AMZN,3/27/2017,838.07,850.3,833.5,846.82,2755775,846.82
251,AMZN,3/24/2017,851.68,851.8,843.53,845.61,2138269,845.61
252,AMZN,3/23/2017,848.2,850.89,844.8,847.38,1952964,847.38
253,AMZN,3/22/2017,840.43,849.37,839.05,848.06,2658669,848.06
254,AMZN,3/21/2017,858.84,862.795,841.31,843.2,4382852,843.2
255,AMZN,3/20/2017,851.51,857.8,851.01,856.97,2282727,856.97
256,AMZN,3/17/2017,853.49,853.83,850.64,852.31,3384403,852.31
257,AMZN,3/16/2017,855.3,855.5,850.51,853.42,1842296,853.42
258,AMZN,3/15/2017,854.33,854.45,847.11,852.97,2562176,852.97
259,AMZN,3/14/2017,853.55,853.75,847.55,852.53,2130586,852.53
260,AMZN,3/13/2017,851.77,855.69,851.71,854.59,1909672,854.59
261,AMZN,3/10/2017,857,857.35,851.72,852.46,2436434,852.46
262,AMZN,3/9/2017,851,856.3999,850.31,853,2048187,853
263,AMZN,3/8/2017,848,853.07,846.79,850.5,2288317,850.5
264,AMZN,3/7/2017,845.48,848.46,843.75,846.02,2247554,846.02
265,AMZN,3/6/2017,845.23,848.49,841.12,846.61,2610370,846.61
266,AMZN,3/3/2017,847.2,851.985,846.27,849.88,1951575,849.88
267,AMZN,3/2/2017,853.08,854.82,847.28,848.91,2132098,848.91
268,AMZN,3/1/2017,853.05,854.83,849.01,853.08,2760083,853.08
269,AMZN,2/28/2017,851.45,854.09,842.05,845.04,2793709,845.04
270,AMZN,2/27/2017,842.38,852.5,839.67,848.64,2713627,848.64
271,AMZN,2/24/2017,844.69,845.81,837.7501,845.24,3687963,845.24
272,AMZN,2/23/2017,857.57,860.86,848,852.19,3461984,852.19
273,AMZN,2/22/2017,856.95,858.43,852.18,855.61,2616971,855.61
274,AMZN,2/21/2017,848.84,857.98,847.25,856.44,3507742,856.44
275,AMZN,2/17/2017,842,847.27,840.73,845.07,3112275,845.07
276,AMZN,2/16/2017,841.84,845,839.375,844.14,2714667,844.14
277,AMZN,2/15/2017,834,842.81,832.82,842.7,2968853,842.7
278,AMZN,2/14/2017,837,838.31,831.4522,836.39,2792442,836.39
279,AMZN,2/13/2017,831.62,842.9999,828.55,836.53,4172618,836.53
280,AMZN,2/10/2017,823.82,828,822.85,827.46,2429609,827.46
281,AMZN,2/9/2017,821.6,825,819.71,821.36,2484948,821.36
282,AMZN,2/8/2017,812.69,821.479,812.5,819.71,2857985,819.71
283,AMZN,2/7/2017,809.31,816.16,807.5,812.5,3466091,812.5
284,AMZN,2/6/2017,809.8,810.72,803,807.64,3897301,807.64
285,AMZN,2/3/2017,806.72,818.3,804,810.2,10868773,810.2
286,AMZN,2/2/2017,836.59,842.49,828.26,839.95,7350492,839.95
287,AMZN,2/1/2017,829.21,833.78,824.94,832.35,3850181,832.35
288,AMZN,1/31/2017,823.75,826.99,819.56,823.48,3137196,823.48
289,AMZN,1/30/2017,833,833.5,816.38,830.38,3747336,830.38
290,AMZN,1/27/2017,839,839.7,829.44,835.77,2998700,835.77
291,AMZN,1/26/2017,835.53,843.84,833,839.15,3586323,839.15
292,AMZN,1/25/2017,825.79,837.4183,825.288,836.52,4023078,836.52
293,AMZN,1/24/2017,822,823.99,814.5,822.44,2971740,822.44
294,AMZN,1/23/2017,806.8,818.5,805.08,817.88,2797474,817.88
295,AMZN,1/20/2017,815.28,816.02,806.26,808.33,3376196,808.33
296,AMZN,1/19/2017,810,813.51,807.32,809.04,2540784,809.04
297,AMZN,1/18/2017,809.5,811.73,804.27,807.48,2354201,807.48
298,AMZN,1/17/2017,815.7,816,803.44,809.72,3670529,809.72
299,AMZN,1/13/2017,814.32,821.65,811.4,817.14,3791945,817.14
300,AMZN,1/12/2017,800.31,814.13,799.5,813.64,4873922,813.64
301,AMZN,1/11/2017,793.66,799.5,789.51,799.02,2992791,799.02
302,AMZN,1/10/2017,796.6,798,789.5434,795.9,2558369,795.9
303,AMZN,1/9/2017,798,801.7742,791.77,796.92,3446109,796.92
304,AMZN,1/6/2017,782.36,799.44,778.48,795.99,5986234,795.99
305,AMZN,1/5/2017,761.55,782.3999,760.2557,780.45,5830068,780.45
306,AMZN,1/4/2017,758.39,759.68,754.2,757.18,2510526,757.18
307,AMZN,1/3/2017,757.92,758.7595,747.7,753.67,3521066,753.67
308,AMZN,12/30/2016,766.47,767.3999,748.28,749.87,4139449,749.87
309,AMZN,12/29/2016,772.4,773.4,760.85,765.15,3158299,765.15
310,AMZN,12/28/2016,776.25,780,770.5,772.13,3301025,772.13
311,AMZN,12/27/2016,763.4,774.65,761.2,771.4,2638725,771.4
312,AMZN,12/23/2016,764.55,766.5,757.99,760.59,1981616,760.59
313,AMZN,12/22/2016,768.12,771.21,763.02,766.34,2543551,766.34
314,AMZN,12/21/2016,770,771.22,765.7,770.6,2044629,770.6
315,AMZN,12/20/2016,768.65,774.39,767.71,771.22,2703629,771.22
316,AMZN,12/19/2016,758.89,770.5,756.16,766,3113240,766
317,AMZN,12/16/2016,765,765.13,754,757.77,4848219,757.77
318,AMZN,12/15/2016,766.28,769.1,760.31,761,3801927,761
319,AMZN,12/14/2016,778.25,780.86,762.81,768.82,5454836,768.82
320,AMZN,12/13/2016,764.96,782.46,762,774.34,5285288,774.34
321,AMZN,12/12/2016,766.4,766.89,757.2,760.12,2963945,760.12
322,AMZN,12/9/2016,770,770.25,765.34,768.66,2470923,768.66
323,AMZN,12/8/2016,771.87,773.79,765.19,767.33,3189608,767.33
324,AMZN,12/7/2016,764.55,770.42,755.82,770.42,3684906,770.42
325,AMZN,12/6/2016,763.99,768.24,757.25,764.72,3794746,764.72
326,AMZN,12/5/2016,745,761.49,742,759.36,4314723,759.36
327,AMZN,12/2/2016,743.4,748.4903,736.7,740.34,3561307,740.34
328,AMZN,12/1/2016,752.41,753.37,738.03,743.65,4665993,743.65
329,AMZN,11/30/2016,762,768.09,750.25,750.57,4625946,750.57
330,AMZN,11/29/2016,768,769.89,761.32,762.52,3272344,762.52
331,AMZN,11/28/2016,776.99,777,764.24,766.77,4438828,766.77
332,AMZN,11/25/2016,786.5,786.75,777.9,780.37,1837068,780.37
333,AMZN,11/23/2016,781.73,781.75,773.12,780.12,3540263,780.12
334,AMZN,11/22/2016,788.17,792.4,781,785.33,5311320,785.33
335,AMZN,11/21/2016,766,780.35,765.11,780,4614574,780
336,AMZN,11/18/2016,761,767.74,757.6435,760.16,4373408,760.16
337,AMZN,11/17/2016,749.32,757.5,748,756.4,3690112,756.4
338,AMZN,11/16/2016,718,749.87,735.61,746.49,3648791,746.49
339,AMZN,11/15/2016,730,746.78,725.99,743.24,6755785,743.24
340,AMZN,11/14/2016,745.51,746,710.1,719.07,7321344,719.07
341,AMZN,11/11/2016,735.73,743.26,728.9,739.01,6622784,739.01
342,AMZN,11/10/2016,778.81,778.83,717.7,742.38,12746994,742.38
343,AMZN,11/9/2016,764,777.5,760.09,771.88,8562892,771.88
344,AMZN,11/8/2016,784.97,791.7399,779.1,787.75,3412629,787.75
345,AMZN,11/7/2016,771.64,787.732,770.94,784.93,5984354,784.93
346,AMZN,11/4/2016,762.79,766,753.2301,755.05,5122103,755.05
347,AMZN,11/3/2016,765.05,777,764,767.03,3872496,767.03
348,AMZN,11/2/2016,783.93,784.75,763.55,765.56,5026504,765.56
349,AMZN,11/1/2016,799,800.84,776.713,785.41,5305428,785.41
350,AMZN,10/31/2016,781.03,793.7,780.11,789.82,5413326,789.82
351,AMZN,10/28/2016,782,789.49,774.61,776.32,10841073,776.32
352,AMZN,10/27/2016,831.24,831.72,815.43,818.36,7406385,818.36
353,AMZN,10/26/2016,832.76,833.44,820,822.59,3998102,822.59
354,AMZN,10/25/2016,839.3,843.09,833.22,835.18,3248358,835.18
355,AMZN,10/24/2016,824.95,838.3,822.21,838.09,4060899,838.09
356,AMZN,10/21/2016,809.36,819.42,809,818.99,2793015,818.99
357,AMZN,10/20/2016,813.99,815.71,803.1,810.32,3151954,810.32
358,AMZN,10/19/2016,820.4,820.67,815.17,817.69,2090706,817.69
359,AMZN,10/18/2016,822.11,823.26,815.02,817.65,2512504,817.65
360,AMZN,10/17/2016,821.5,822,811.68,812.95,3361492,812.95
361,AMZN,10/14/2016,835.08,835.74,822.96,822.96,2999814,822.96
362,AMZN,10/13/2016,829,831.8,821.21,829.28,3091387,829.28
363,AMZN,10/12/2016,834,837.666,830.1,834.09,2380416,834.09
364,AMZN,10/11/2016,841.02,841.29,828.35,831,3588180,831
365,AMZN,10/10/2016,843.25,845.2,840.27,841.71,1827143,841.71
366,AMZN,10/7/2016,845.79,845.95,837.45,839.43,2426228,839.43
367,AMZN,10/6/2016,843.7,847.21,840.6,841.66,2684013,841.66
368,AMZN,10/5/2016,838,845.67,836.12,844.36,3469055,844.36
369,AMZN,10/4/2016,840.91,842.365,830.26,834.03,2950314,834.03
370,AMZN,10/3/2016,836,839.86,831.25,836.74,2769448,836.74
371,AMZN,9/30/2016,832.61,839.95,832.4,837.31,4430566,837.31
372,AMZN,9/29/2016,828.26,837.5,824.63,829.05,4922248,829.05
373,AMZN,9/28/2016,818,830.14,817.0337,828.72,4422078,828.72
374,AMZN,9/27/2016,801.85,816.64,801.11,816.11,3819600,816.11
375,AMZN,9/26/2016,801.8,805.93,797.145,799.16,2651397,799.16
376,AMZN,9/23/2016,803.13,807.75,802.12,805.75,2353511,805.75
377,AMZN,9/22/2016,794.27,805.889,794.27,804.7,4078910,804.7
378,AMZN,9/21/2016,783.25,790.69,779.01,789.74,2718644,789.74
379,AMZN,9/20/2016,776,781.37,776,780.22,1937164,780.22
380,AMZN,9/19/2016,779.97,781.94,771,775.1,2297221,775.1
381,AMZN,9/16/2016,773.28,780.46,771.66,778.52,5499182,778.52
382,AMZN,9/15/2016,762,770.87,757.58,769.69,3043534,769.69
383,AMZN,9/14/2016,762.2,767.5,758.85,761.09,2531822,761.09
384,AMZN,9/13/2016,768.77,769.89,759.05,761.01,3117224,761.01
385,AMZN,9/12/2016,757.35,772.66,756,771.49,3124704,771.49
386,AMZN,9/9/2016,779.36,781,760.11,760.14,4257344,760.14
387,AMZN,9/8/2016,783.89,786.5,781.44,784.06,2030511,784.06
388,AMZN,9/7/2016,789.53,790.79,784.33,784.48,2424622,784.48
389,AMZN,9/6/2016,774.04,789.48,770.22,788.87,3719788,788.87
390,AMZN,9/2/2016,774.11,776,771.7,772.44,2181792,772.44
391,AMZN,9/1/2016,770.9,772.04,766.75,770.62,1792271,770.62
392,AMZN,8/31/2016,766.6,769.64,764,769.16,1633789,769.16
393,AMZN,8/30/2016,771.05,771.8358,765.56,767.58,1709158,767.58
394,AMZN,8/29/2016,768.72,774.98,768.6,771.29,2198560,771.29
395,AMZN,8/26/2016,760.05,770,759.795,769,2776830,769
396,AMZN,8/25/2016,756,760.56,754.741,759.22,1622992,759.22
397,AMZN,8/24/2016,763,763.41,755.36,757.25,1744107,757.25
398,AMZN,8/23/2016,763.31,764.7,761,762.45,1524131,762.45
399,AMZN,8/22/2016,757.5,759.85,752.1,759.48,1679251,759.48
400,AMZN,8/19/2016,761.9,762.49,756.89,757.31,2343237,757.31
401,AMZN,8/18/2016,764,765.17,760.6,764.46,1458834,764.46
402,AMZN,8/17/2016,764.41,765.22,759.199,764.63,1891116,764.63
403,AMZN,8/16/2016,768.62,768.7317,763.82,764.04,1604561,764.04
404,AMZN,8/15/2016,771.9,772.04,767.71,768.49,2118521,768.49
405,AMZN,8/12/2016,768.46,773.15,768.4225,772.56,1563318,772.56
406,AMZN,8/11/2016,769.94,773.75,769.12,771.24,2019740,771.24
407,AMZN,8/10/2016,769.8,772.1,766.19,768.56,1604280,768.56
408,AMZN,8/9/2016,767.39,772.6,766.9,768.31,1876091,768.31
409,AMZN,8/8/2016,766.81,767,761.015,766.56,1986272,766.56
410,AMZN,8/5/2016,764.81,768.47,763.09,765.98,2704391,765.98
411,AMZN,8/4/2016,753.7,765,750.35,760.77,3178208,760.77
412,AMZN,8/3/2016,757.06,758.89,752.25,754.64,3581525,754.64
413,AMZN,8/2/2016,763.81,765.01,757.02,760.58,3603280,760.58
414,AMZN,8/1/2016,759.87,770.5,757.06,767.74,3578205,767.74
415,AMZN,7/29/2016,765,766,755,758.81,6777050,758.81
416,AMZN,7/28/2016,745.98,753.36,739.7,752.61,7617580,752.61
417,AMZN,7/27/2016,737.97,740.94,733.86,736.67,2913134,736.67
418,AMZN,7/26/2016,742.71,743.13,732.7525,735.59,2529692,735.59
419,AMZN,7/25/2016,746.55,748.5,735.35,739.61,2679290,739.61
420,AMZN,7/22/2016,747.79,751.28,743.53,744.86,2277711,744.86
421,AMZN,7/21/2016,747.5,749.36,742.7918,744.43,2317072,744.43
422,AMZN,7/20/2016,744,746.25,740.7,745.72,2214023,745.72
423,AMZN,7/19/2016,732.5,743.33,732.31,739.95,2216820,739.95
424,AMZN,7/18/2016,735.49,741.5954,728.72,736.07,2954914,736.07
425,AMZN,7/15/2016,746.55,746.55,734.05,735.44,3121385,735.44
426,AMZN,7/14/2016,748.86,749.04,739.02,741.2,2390472,741.2
427,AMZN,7/13/2016,746.76,756.87,741.25,742.63,4142265,742.63
428,AMZN,7/12/2016,756.86,757.34,740.33,748.21,5623657,748.21
429,AMZN,7/11/2016,750,755.9,747,753.78,3195272,753.78
430,AMZN,7/8/2016,740.14,746.1,738,745.81,3429217,745.81
431,AMZN,7/7/2016,739.33,739.55,731.63,736.57,2945783,736.57
432,AMZN,7/6/2016,725.71,737.77,722.58,737.61,3938249,737.61
433,AMZN,7/5/2016,722.8,728.11,719.61,728.1,2431431,728.1
434,AMZN,7/1/2016,717.32,728,716.54,725.68,2920423,725.68
435,AMZN,6/30/2016,717.2,719.37,712.54,715.62,2855142,715.62
436,AMZN,6/29/2016,715.75,719.5,713.54,715.6,3070052,715.6
437,AMZN,6/28/2016,700,708,698.1714,707.95,4036957,707.95
438,AMZN,6/27/2016,692.01,696.8189,682.115,691.36,5584037,691.36
439,AMZN,6/24/2016,693,712.5292,692.2,698.96,7632511,698.96
440,AMZN,6/23/2016,715.5,722.12,712.5,722.08,2824974,722.08
441,AMZN,6/22/2016,716.58,717,707.565,710.6,2260454,710.6
442,AMZN,6/21/2016,715.72,718.4,712.721,715.82,2137534,715.82
443,AMZN,6/20/2016,713.5,721.31,710.81,714.01,3677162,714.01
444,AMZN,6/17/2016,718.19,718.2,699.18,706.39,5897788,706.39
445,AMZN,6/16/2016,712.05,718,705.3,717.51,3097961,717.51
446,AMZN,6/15/2016,722,722.56,713.3522,714.26,2709447,714.26
447,AMZN,6/14/2016,712.33,720.805,712.27,719.3,2506922,719.3
448,AMZN,6/13/2016,714.01,721.99,711.16,715.24,3352201,715.24
449,AMZN,6/10/2016,722.35,724.98,714.21,717.91,3425718,717.91
450,AMZN,6/9/2016,723.1,728.91,722.3,727.65,2170318,727.65
451,AMZN,6/8/2016,726.4,729.42,721.6,726.64,2223366,726.64
452,AMZN,6/7/2016,729.89,730,720.55,723.74,2732463,723.74
453,AMZN,6/6/2016,726.5,731.5,724.42,726.73,2704806,726.73
454,AMZN,6/3/2016,726.74,727,718.43,725.54,3367306,725.54
455,AMZN,6/2/2016,720.97,728.28,715.5001,728.24,3026583,728.24
456,AMZN,6/1/2016,720.9,726.43,718.22,719.44,3263107,719.44
457,AMZN,5/31/2016,712.33,724.23,711.32,722.79,3618323,722.79
458,AMZN,5/27/2016,715,716.6,711.1,712.24,2249164,712.24
459,AMZN,5/26/2016,708.33,715,707.293,714.91,2446681,714.91
460,AMZN,5/25/2016,708,710.86,705.5159,708.35,3276631,708.35
461,AMZN,5/24/2016,698.01,707.5,698,704.2,3033782,704.2
462,AMZN,5/23/2016,704.25,706,696.42,696.75,2595082,696.75
463,AMZN,5/20/2016,701.05,707.24,700,702.8,2916165,702.8
464,AMZN,5/19/2016,691.88,699.4,689.56,698.52,3025566,698.52
465,AMZN,5/18/2016,689.56,702.5399,688.76,697.45,4283189,697.45
466,AMZN,5/17/2016,709.9,714.47,693.91,695.27,5121357,695.27
467,AMZN,5/16/2016,710.13,713.25,700.28,710.66,5432920,710.66
468,AMZN,5/13/2016,714.64,719.25,706.51,709.92,4763419,709.92
469,AMZN,5/12/2016,717.38,722.45,711.51,717.93,5048150,717.93
470,AMZN,5/11/2016,705.79,719,701.65,713.23,7338196,713.23
471,AMZN,5/10/2016,694,704.55,693.5,703.07,6105570,703.07
472,AMZN,5/9/2016,673.95,686.98,671.41,679.75,3982161,679.75
473,AMZN,5/6/2016,656.05,676.95,656.01,673.95,4365345,673.95
474,AMZN,5/5/2016,673.31,676.49,656,659.09,4884114,659.09
475,AMZN,5/4/2016,662.59,674,662.14,670.9,4635462,670.9
476,AMZN,5/3/2016,677.36,680.3,670.43,671.32,4923351,671.32
477,AMZN,5/2/2016,663.92,685.5,662.0251,683.85,6578517,683.85
478,AMZN,4/29/2016,666,669.98,654,659.59,10310739,659.59
479,AMZN,4/28/2016,615.54,626.8,599.2,602,7872605,602
480,AMZN,4/27/2016,611.8,615.95,601.28,606.57,4068767,606.57
481,AMZN,4/26/2016,626.17,626.7549,614.88,616.88,2521433,616.88
482,AMZN,4/25/2016,616.61,626.98,616.2511,626.2,2682924,626.2
483,AMZN,4/22/2016,624.47,628.25,611.56,620.5,5083904,620.5
484,AMZN,4/21/2016,631,637.82,628.5,631,2596298,631
485,AMZN,4/20/2016,630,636.55,623,632.99,2609425,632.99
486,AMZN,4/19/2016,637.14,638.01,620.8,627.9,4055870,627.9
487,AMZN,4/18/2016,625.35,637.64,624.9603,635.35,4360883,635.35
488,AMZN,4/15/2016,621.92,626.77,618.11,625.89,2887681,625.89
489,AMZN,4/14/2016,615.07,624.38,615.07,620.75,3512136,620.75
490,AMZN,4/13/2016,607.68,616.81,605.29,614.82,4228349,614.82
491,AMZN,4/12/2016,598.4,604.06,592.31,603.17,2641062,603.17
492,AMZN,4/11/2016,596.14,604,594.91,595.93,2704267,595.93
493,AMZN,4/8/2016,594.32,597.86,589,594.6,2591936,594.6
494,AMZN,4/7/2016,598.76,599.6,589.08,591.43,3189037,591.43
495,AMZN,4/6/2016,587.52,602.39,587.5,602.08,2849909,602.08
496,AMZN,4/5/2016,590.77,593.47,585.25,586.14,2308884,586.14
497,AMZN,4/4/2016,599,599.5,590.55,593.19,2470825,593.19
498,AMZN,4/1/2016,590.49,599.03,588.3,598.5,2917386,598.5
499,AMZN,3/31/2016,599.28,600.75,592.21,593.64,2681811,593.64
500,AMZN,3/30/2016,596.71,603.24,595,598.69,3890461,598.69
501,AMZN,3/29/2016,580.15,595.85,576.5,593.86,4392567,593.86
502,AMZN,3/28/2016,584.4,584.75,575.56,579.87,3121522,579.87
503,AMZN,3/24/2016,567.11,583.55,567.08,582.95,5185539,582.95
504,AMZN,3/23/2016,561,572.48,558.1,569.63,3983720,569.63
505,AMZN,3/22/2016,545.11,562.76,545.05,560.48,4000564,560.48
506,AMZN,3/21/2016,548.91,555.24,538.58,553.98,5155732,553.98
507,AMZN,3/18/2016,560.94,562.33,546.09,552.08,7296885,552.08
508,AMZN,3/17/2016,569.51,571.4,555.01,559.44,5928105,559.44
509,AMZN,3/16/2016,576.64,581.32,571.14,574.27,3537669,574.27
510,AMZN,3/15/2016,571,581.52,567,577.02,3876821,577.02
511,AMZN,3/14/2016,567,576.89,563.05,573.37,3454152,573.37
512,AMZN,3/11/2016,566.95,570.06,562.73,569.61,3771310,569.61
513,AMZN,3/10/2016,566.74,567,547.9,558.93,3919892,558.93
514,AMZN,3/9/2016,559.56,560.35,550.125,559.47,4377283,559.47
515,AMZN,3/8/2016,557.87,571.35,554.74,560.26,4679663,560.26
516,AMZN,3/7/2016,573.54,573.63,555.55,562.8,4932527,562.8
517,AMZN,3/4/2016,581.07,581.4,571.065,575.14,3416545,575.14
518,AMZN,3/3/2016,577.96,579.866,573.11,577.49,2741292,577.49
519,AMZN,3/2/2016,581.75,585,573.7,580.21,4582170,580.21
520,AMZN,3/1/2016,556.29,579.25,556,579.04,5038452,579.04
521,AMZN,2/29/2016,554,564.81,552.51,552.52,4145396,552.52
522,AMZN,2/26/2016,560.12,562.5,553.17,555.23,4877039,555.23
523,AMZN,2/25/2016,555.52,559.39,545.2946,555.15,4525463,555.15
524,AMZN,2/24/2016,545.75,554.27,533.1501,554.04,6231668,554.04
525,AMZN,2/23/2016,555.55,556.91,545.33,552.94,4050790,552.94
526,AMZN,2/22/2016,542.2,560.65,541.08,559.5,5566553,559.5
527,AMZN,2/19/2016,520.71,535.95,515.35,534.9,4974717,534.9
528,AMZN,2/18/2016,541.19,541.2,523.73,525,4735008,525
529,AMZN,2/17/2016,528.74,537.48,519.39,534.1,4824002,534.1
530,AMZN,2/16/2016,519.48,524.45,511.66,521.1,5118500,521.1
531,AMZN,2/12/2016,510.7,516.75,501.4932,507.08,5384787,507.08
532,AMZN,2/11/2016,491.17,509.3,484,503.82,7397393,503.82
533,AMZN,2/10/2016,491.76,504.66,486,490.48,6786181,490.48
534,AMZN,2/9/2016,478.01,498.38,474,482.07,7077915,482.07
535,AMZN,2/8/2016,486.47,493.5,475.21,488.1,9825509,488.1
536,AMZN,2/5/2016,529.28,529.45,499.19,502.13,9708929,502.13
537,AMZN,2/4/2016,525,538.99,519.2201,536.26,6199070,536.26
538,AMZN,2/3/2016,553.5,556,521.9,531.07,10048709,531.07
539,AMZN,2/2/2016,570,571.56,550.09,552.1,6312045,552.1
540,AMZN,2/1/2016,578.15,581.8,570.31,574.81,6355123,574.81
541,AMZN,1/29/2016,571.98,593,570,587,14677550,587
542,AMZN,1/28/2016,608.37,638.06,597.55,635.35,14015171,635.35
543,AMZN,1/27/2016,601.99,603.39,578.78,583.35,5152853,583.35
544,AMZN,1/26/2016,603.45,604.5,590.38,601.25,3765655,601.25
545,AMZN,1/25/2016,597.99,608.5,594.56,596.53,4396079,596.53
546,AMZN,1/22/2016,588.73,600.1,584.1079,596.38,5120144,596.38
547,AMZN,1/21/2016,573.58,588.81,568.22,575.02,4952217,575.02
548,AMZN,1/20/2016,564.36,578.45,547.18,571.77,7966406,571.77
549,AMZN,1/19/2016,577.09,584,566.45,574.48,4807165,574.48
550,AMZN,1/15/2016,572.24,584.62,565.3,570.18,7784523,570.18
551,AMZN,1/14/2016,580.25,602.25,569.88,593,7237978,593
552,AMZN,1/13/2016,620.88,620.88,579.16,581.81,7655239,581.81
553,AMZN,1/12/2016,625.25,625.99,612.2415,617.89,4724100,617.89
554,AMZN,1/11/2016,612.48,619.85,598.57,617.74,4891551,617.74
555,AMZN,1/8/2016,619.66,624.14,606,607.05,5512915,607.05
556,AMZN,1/7/2016,621.8,630,605.21,607.94,7074915,607.94
557,AMZN,1/6/2016,622,639.79,620.31,632.65,5329197,632.65
558,AMZN,1/5/2016,646.86,646.91,627.65,633.79,5822603,633.79
559,AMZN,1/4/2016,656.29,657.715,627.51,636.99,9314519,636.99
560,AMZN,12/31/2015,686.08,687.75,675.89,675.89,3749560,675.89
561,AMZN,12/30/2015,691.89,695.49,686.375,689.07,3519003,689.07
562,AMZN,12/29/2015,677.98,696.44,677.8893,693.97,5734996,693.97
563,AMZN,12/28/2015,665.56,675.5,665.5,675.2,3783555,675.2
564,AMZN,12/24/2015,663.35,664.68,660.6,662.79,1092970,662.79
565,AMZN,12/23/2015,666.5,666.597,656.63,663.7,2722922,663.7
566,AMZN,12/22/2015,666.83,668.49,659.26,663.15,2667795,663.15
567,AMZN,12/21/2015,668.5,669.9,658.93,664.51,3250900,664.51
568,AMZN,12/18/2015,668.65,676.84,664.13,664.14,6841304,664.14
569,AMZN,12/17/2015,680,682.5,670.65,670.65,3681645,670.65
570,AMZN,12/16/2015,663.56,677.35,659.32,675.77,3964470,675.77
571,AMZN,12/15/2015,665.03,671.5,657.35,658.64,4753415,658.64
572,AMZN,12/14/2015,641.75,658.585,635.27,657.91,4361273,657.91
573,AMZN,12/11/2015,651.23,657.88,639.62,640.15,5474420,640.15
574,AMZN,12/10/2015,665.59,668.526,659.56,662.32,3455472,662.32
575,AMZN,12/9/2015,678,679,655.68,664.79,5158172,664.79
576,AMZN,12/8/2015,663.13,679.99,659.79,677.33,3651908,677.33
577,AMZN,12/7/2015,674.74,675.46,660.5,669.83,3732814,669.83
578,AMZN,12/4/2015,666,674.775,661.4,672.64,4534796,672.64
579,AMZN,12/3/2015,679.44,682.79,661.48,666.25,5064736,666.25
580,AMZN,12/2/2015,681,684.82,674.25,676.01,4273526,676.01
581,AMZN,12/1/2015,673.75,681,667.86,679.06,4751152,679.06
582,AMZN,11/30/2015,675.9,681.29,664.6,664.8,5693172,664.8
583,AMZN,11/27/2015,680.8,680.99,672.1,673.26,1966801,673.26
584,AMZN,11/25/2015,675,679.7,671.24,675.34,2697889,675.34
585,AMZN,11/24/2015,674.14,675.8,661.2125,671.15,4543417,671.15
586,AMZN,11/23/2015,671.5,682.77,668.45,678.99,4385057,678.99
587,AMZN,11/20/2015,667.94,668.87,657.57,668.45,3896135,668.45
588,AMZN,11/19/2015,664.99,672.86,659,661.27,4705237,661.27
589,AMZN,11/18/2015,646.51,664.88,646.37,663.54,4469769,663.54
590,AMZN,11/17/2015,650.65,653.25,641,643.3,4316843,643.3
591,AMZN,11/16/2015,640.92,649.99,622.29,647.81,7435934,647.81
592,AMZN,11/13/2015,663.57,667,640.45,642.35,6261076,642.35
593,AMZN,11/12/2015,673,675.64,664.22,665.6,4284678,665.6
594,AMZN,11/11/2015,663.25,675.96,663.25,673.25,5387309,673.25
595,AMZN,11/10/2015,651.01,660,647.262,659.68,3489483,659.68
596,AMZN,11/9/2015,658.65,661.955,647.8477,655.49,4048823,655.49
597,AMZN,11/6/2015,655,662.26,652,659.37,4092165,659.37
598,AMZN,11/5/2015,647.1,657,643.0901,655.65,4723825,655.65
599,AMZN,11/4/2015,627.76,645.93,627.35,640.95,4840501,640.95
600,AMZN,11/3/2015,629.53,629.89,622,625.31,3246910,625.31
601,AMZN,11/2/2015,627.13,628.63,620.41,628.35,2816479,628.35
602,AMZN,10/30/2015,626.01,630.72,625.28,625.9,3874363,625.9
603,AMZN,10/29/2015,617.7,627.54,615.39,626.55,3896026,626.55
604,AMZN,10/28/2015,612.3,617.23,609.5,617.1,3926200,617.1
605,AMZN,10/27/2015,608.6,614.71,605.53,611.01,3787136,611.01
606,AMZN,10/26/2015,602.3,609.85,596.29,608.61,4269715,608.61
607,AMZN,10/23/2015,617.68,619.45,595.36,599.03,10692667,599.03
608,AMZN,10/22/2015,562.7,569.146,556.67,563.91,7779372,563.91
609,AMZN,10/21/2015,563.87,565.25,552.52,555.77,3361655,555.77
610,AMZN,10/20/2015,572,573,555.28,560.88,4346209,560.88
611,AMZN,10/19/2015,570.76,579,567.38,573.15,4375420,573.15
612,AMZN,10/16/2015,565.27,570.94,560.31,570.76,4315792,570.76
613,AMZN,10/15/2015,547.75,563,547,562.44,4937034,562.44
614,AMZN,10/14/2015,551.34,552.25,539.68,544.83,3582060,544.83
615,AMZN,10/13/2015,546.26,553.2,543.1,548.9,2938044,548.9
616,AMZN,10/12/2015,539.96,550.82,539.8,550.19,2776103,550.19
617,AMZN,10/9/2015,534.48,541.79,530.27,539.8,3537364,539.8
618,AMZN,10/8/2015,536.71,539.386,519.89,533.16,4676440,533.16
619,AMZN,10/7/2015,541.79,542,529,541.94,3812087,541.94
620,AMZN,10/6/2015,545.5,551.5,533.33,537.48,4547519,537.48
621,AMZN,10/5/2015,536.99,545.91,536,543.68,3391359,543.68
622,AMZN,10/2/2015,512.99,532.6,508.1,532.54,4597795,532.54
623,AMZN,10/1/2015,511,520.8,506,520.72,3768483,520.72
624,AMZN,9/30/2015,505.44,512.8,501.6724,511.67,3902536,511.67
625,AMZN,9/29/2015,506,511.48,490.5,496.07,4457532,496.07
626,AMZN,9/28/2015,520.02,520.28,494.3337,504.06,5370668,504.06
627,AMZN,9/25/2015,542.57,542.8,521.4,524.25,4030998,524.25
628,AMZN,9/24/2015,530.55,534.56,522.87,533.75,3500964,533.75
629,AMZN,9/23/2015,538.3,541.21,534,536.07,2237571,536.07
630,AMZN,9/22/2015,539.71,543.55,532.66,538.4,3841748,538.4
631,AMZN,9/21/2015,544.33,549.78,539.59,548.39,3283313,548.39
632,AMZN,9/18/2015,534.62,546.237,531.35,540.26,6160075,540.26
633,AMZN,9/17/2015,526.98,546.97,526.57,538.87,4169484,538.87
634,AMZN,9/16/2015,521.98,528.3,518.52,527.39,2252790,527.39
635,AMZN,9/15/2015,523.25,527.92,517.2,522.37,2865933,522.37
636,AMZN,9/14/2015,529.44,532.45,518.58,521.38,3130241,521.38
637,AMZN,9/11/2015,521.07,529.44,520.605,529.44,3227862,529.44
638,AMZN,9/10/2015,515.15,526.13,514.78,522.24,2575982,522.24
639,AMZN,9/9/2015,524,529.95,515.06,516.89,4370657,516.89
640,AMZN,9/8/2015,508.69,518.35,508.5144,517.54,3810653,517.54
641,AMZN,9/4/2015,497.65,502.85,495.64,499,2692510,499
642,AMZN,9/3/2015,514.5,515.84,502.57,504.72,3149694,504.72
643,AMZN,9/2/2015,505.09,510.86,497.72,510.55,3707116,510.55
644,AMZN,9/1/2015,499.14,510,493.43,496.54,3864514,496.54
645,AMZN,8/31/2015,516.44,519.41,509.07,512.89,3002293,512.89
646,AMZN,8/28/2015,517.5,521.5,513.04,518.01,2746708,518.01
647,AMZN,8/27/2015,514.03,522.69,507.261,518.37,6114506,518.37
648,AMZN,8/26/2015,484.02,503.72,478.76,500.77,6358639,500.77
649,AMZN,8/25/2015,487.49,489.44,466.25,466.37,5679329,466.37
650,AMZN,8/24/2015,463.58,489.76,451,463.37,10097601,463.37
651,AMZN,8/21/2015,507.36,512.33,494.47,494.47,6706466,494.47
652,AMZN,8/20/2015,530.39,533.25,515.77,515.78,4407990,515.78
653,AMZN,8/19/2015,533.74,537.25,529,532.92,2324040,532.92
654,AMZN,8/18/2015,535.04,539.49,533,535.02,2071342,535.02
655,AMZN,8/17/2015,531.29,538.74,527.12,535.22,2581680,535.22
656,AMZN,8/14/2015,528.25,534.11,528.25,531.52,1994799,531.52
657,AMZN,8/13/2015,527.37,534.66,525.4846,529.66,2895238,529.66
658,AMZN,8/12/2015,523.75,527.5,513.06,525.91,4014684,525.91
659,AMZN,8/11/2015,523.65,528.98,522,527.46,2676600,527.46
660,AMZN,8/10/2015,528.52,532.2764,523,524,2615926,524
661,AMZN,8/7/2015,529.16,529.4599,518.21,522.62,3969215,522.62
662,AMZN,8/6/2015,539.3,542.74,527.52,529.46,3820453,529.46
663,AMZN,8/5/2015,538.8,539.14,534.119,537.01,2866861,537.01
664,AMZN,8/4/2015,529.69,536.95,529.163,531.9,2934590,531.9
665,AMZN,8/3/2015,537.45,540.44,529.36,535.03,3014236,535.03
666,AMZN,7/31/2015,539.09,542.84,534.5201,536.15,3025598,536.15
667,AMZN,7/30/2015,527.65,539.2,524.29,536.76,3743065,536.76
668,AMZN,7/29/2015,530.92,532.9655,525.02,529,3752634,529
669,AMZN,7/28/2015,536,536.39,523.12,526.03,5273092,526.03
670,AMZN,7/27/2015,527.75,544.95,526.6,531.41,7490960,531.41
671,AMZN,7/24/2015,578.99,580.57,529.35,529.42,21909381,529.42
672,AMZN,7/23/2015,491.66,491.66,475.7,482.18,9374431,482.18
673,AMZN,7/22/2015,485.99,492.5,484.9,488.27,3114898,488.27
674,AMZN,7/21/2015,487.9,488.88,482.55,488,3181831,488
675,AMZN,7/20/2015,492.57,493.2,485.4,488.1,4752491,488.1
676,AMZN,7/17/2015,477.7,485.42,477.25,483.01,4932176,483.01
677,AMZN,7/16/2015,465.5,475.88,464.8,475.48,4095581,475.48
678,AMZN,7/15/2015,463.04,464.7,460.2,461.19,2987399,461.19
679,AMZN,7/14/2015,462.32,469.6,458.16,465.57,4736215,465.57
680,AMZN,7/13/2015,448.29,457.87,447.54,455.57,3956802,455.57
681,AMZN,7/10/2015,440.49,444.72,439,443.51,2400981,443.51
682,AMZN,7/9/2015,434.9,438.72,434.15,434.39,2271395,434.39
683,AMZN,7/8/2015,434.35,435.99,428.83,429.7,2383130,429.7
684,AMZN,7/7/2015,435.68,437.73,425.57,436.72,3454248,436.72
685,AMZN,7/6/2015,435.23,439.73,433.52,436.04,1903161,436.04
686,AMZN,7/2/2015,437,438.2,433.48,437.71,1343397,437.71
687,AMZN,7/1/2015,439.35,440,435.58,437.39,1987076,437.39
688,AMZN,6/30/2015,434.2,435.57,430.46,434.09,2596873,434.09
689,AMZN,6/29/2015,434.98,437,429,429.86,2753193,429.86
690,AMZN,6/26/2015,441.76,443.49,435.06,438.1,2624479,438.1
691,AMZN,6/25/2015,438.07,443.47,436.39,440.1,2237458,440.1
692,AMZN,6/24/2015,444.97,446.47,440.23,440.84,2620827,440.84
693,AMZN,6/23/2015,435.59,447.04,433.69,445.99,3245049,445.99
694,AMZN,6/22/2015,437,439.24,434.18,436.29,1823572,436.29
695,AMZN,6/19/2015,440.26,444.99,433.24,434.92,4495087,434.92
696,AMZN,6/18/2015,430.3,439.73,429.405,439.39,3378360,439.39
697,AMZN,6/17/2015,428.36,431.35,424.753,427.81,2185869,427.81
698,AMZN,6/16/2015,424.15,427.97,422.67,427.26,2297469,427.26
699,AMZN,6/15/2015,427.66,428.05,422.64,423.67,2050987,423.67
700,AMZN,6/12/2015,431.25,432.36,428.26,429.92,2054385,429.92
701,AMZN,6/11/2015,432.29,438.89,431.47,432.97,2922459,432.97
702,AMZN,6/10/2015,426.46,432.2,425.66,430.77,2172333,430.77
703,AMZN,6/9/2015,422.96,427.49,419.14,425.48,2288663,425.48
704,AMZN,6/8/2015,425.62,426.8,421.425,423.5,2172525,423.5
705,AMZN,6/5/2015,429.66,430.8,426.5,426.95,1907855,426.95
706,AMZN,6/4/2015,434.4,436.755,429.26,430.78,2510761,430.78
707,AMZN,6/3/2015,434.4,438.39,432.75,436.59,2727914,436.59
708,AMZN,6/2/2015,430.07,433.23,426.25,430.99,1669845,430.99
709,AMZN,6/1/2015,430.4,433.16,426.2,430.92,2253264,430.92
710,AMZN,5/29/2015,427.23,432.5,427.23,429.23,3016060,429.23
711,AMZN,5/28/2015,429.71,431.35,425.47,426.57,1912436,426.57
712,AMZN,5/27/2015,427.45,431.85,425.01,431.42,2231088,431.42
713,AMZN,5/26/2015,426.2,427,422,425.47,2244185,425.47
714,AMZN,5/22/2015,431.55,432.44,427.61,427.63,2020629,427.63
715,AMZN,5/21/2015,428,436.9,428,431.63,4121401,431.63
716,AMZN,5/20/2015,420.6,427.1,418.36,423.86,2196159,423.86
717,AMZN,5/19/2015,424.87,428.24,420.63,421.71,2465240,421.71
718,AMZN,5/18/2015,426,427.27,421.46,425.24,2390229,425.24
719,AMZN,5/15/2015,428,430.3962,424.3,426,4240306,426
720,AMZN,5/14/2015,429.45,433,427.01,432.28,1888477,432.28
721,AMZN,5/13/2015,429.98,433.528,425.8,426.87,1996328,426.87
722,AMZN,5/12/2015,431.08,433.25,426.71,431.02,1947822,431.02
723,AMZN,5/11/2015,432.51,439,431.37,432.85,2393737,432.85
724,AMZN,5/8/2015,430.75,435.2,430.174,433.69,2908838,433.69
725,AMZN,5/7/2015,424.15,428.5,422.85,426.88,2766132,426.88
726,AMZN,5/6/2015,421.43,422.7165,414.55,419.1,2552474,419.1
727,AMZN,5/5/2015,422.85,427.51,421.02,421.19,2856386,421.19
728,AMZN,5/4/2015,424.8,429.77,422.42,423.04,2270448,423.04
729,AMZN,5/1/2015,423.82,425.64,416,422.87,3565824,422.87
730,AMZN,4/30/2015,427.11,431.75,419.24,421.78,3647877,421.78
731,AMZN,4/29/2015,426.75,434.24,426.03,429.37,3621688,429.37
732,AMZN,4/28/2015,438.51,439,428.04,429.31,4140483,429.31
733,AMZN,4/27/2015,443.86,446.99,437.41,438.56,5430949,438.56
734,AMZN,4/24/2015,439,452.65,439,445.1,17176904,445.1
735,AMZN,4/23/2015,390.21,391.88,386.15,389.99,7979985,389.99
736,AMZN,4/22/2015,391.91,394.28,388,389.8,3474724,389.8
737,AMZN,4/21/2015,391.31,394.6,386.8,391.18,4643524,391.18
738,AMZN,4/20/2015,378.55,391.94,377,389.51,5016148,389.51
739,AMZN,4/17/2015,382.63,383.56,374.4,375.56,3839664,375.56
740,AMZN,4/16/2015,383.69,387.45,383.55,386.04,2080418,386.04
741,AMZN,4/15/2015,384.65,385.78,381.64,383.45,1933229,383.45
742,AMZN,4/14/2015,383.51,387.81,381.2101,385.11,2583575,385.11
743,AMZN,4/13/2015,383.53,385.28,380.14,382.36,1894453,382.36
744,AMZN,4/10/2015,384.31,387.12,381.3151,382.65,2573519,382.65
745,AMZN,4/9/2015,380.66,384.42,378.795,383.54,2392328,383.54
746,AMZN,4/8/2015,374.66,381.58,374.65,381.2,2636434,381.2
747,AMZN,4/7/2015,376.15,379.31,374.03,374.41,1954902,374.41
748,AMZN,4/6/2015,370.1,380.2,369.36,377.04,3050709,377.04
749,AMZN,4/2/2015,370.5,373.28,369,372.25,1875279,372.25
750,AMZN,4/1/2015,372.1,373.16,368.34,370.255,2458095,370.255
751,AMZN,3/31/2015,373.24,377.7,371.51,372.1,2506122,372.1
752,AMZN,3/30/2015,371.87,376.12,371.55,374.59,1820933,374.59
753,AMZN,3/27/2015,367.11,373.17,366.5734,370.56,2609774,370.56
754,AMZN,3/26/2015,369.59,371.4,365.65,367.35,2929962,367.35
755,AMZN,3/25/2015,375.17,380.5,370.285,370.96,3429497,370.96
756,AMZN,3/24/2015,373.99,375.24,372.27,374.09,2228214,374.09
757,AMZN,3/23/2015,378.07,381.77,374.94,375.11,2239343,375.11
758,AMZN,3/20/2015,376.29,379.37,375.92,378.49,3763553,378.49
759,AMZN,3/19/2015,373.87,377.11,372.19,373.24,1915671,373.24
760,AMZN,3/18/2015,369.97,375.99,366.7,375.135,2654135,375.135
761,AMZN,3/17/2015,371.11,374.5,369.64,371.92,2036961,371.92
762,AMZN,3/16/2015,370.38,373.94,366.72,373.35,2354059,373.35
763,AMZN,3/13/2015,371.52,373.99,366.68,370.58,2611658,370.58
764,AMZN,3/12/2015,368.82,375.5,367.52,374.24,2810001,374.24
765,AMZN,3/11/2015,370.61,373.35,366.26,366.37,2495097,366.37
766,AMZN,3/10/2015,377.45,377.77,369.18,369.51,3120972,369.51
767,AMZN,3/9/2015,378.4,379.33,375.28,378.56,2311390,378.56
768,AMZN,3/6/2015,385.52,387,378.88,380.09,2627042,380.09
769,AMZN,3/5/2015,385.61,388.4182,383.89,387.83,2693518,387.83
770,AMZN,3/4/2015,385.71,387.9,382.19,382.72,2259141,382.72
771,AMZN,3/3/2015,383.95,386.1,381.601,384.61,1946498,384.61
772,AMZN,3/2/2015,380.85,385.9,379.481,385.655,2139205,385.655
773,AMZN,2/27/2015,384,385.99,379.79,380.16,2532309,380.16
774,AMZN,2/26/2015,384.07,389.37,383.28,384.8,2687107,384.8
775,AMZN,2/25/2015,377.27,387.85,376.54,385.37,3174495,385.37
776,AMZN,2/24/2015,378.65,380.48,376.16,378.59,1921850,378.59
777,AMZN,2/23/2015,383.44,384.54,378,380.14,2176989,380.14
778,AMZN,2/20/2015,378.62,383.7,375.84,383.66,3258023,383.66
779,AMZN,2/19/2015,373.49,381.88,373.43,378.995,2953752,378.995
780,AMZN,2/18/2015,373.78,376.74,372.85,373.37,2650610,373.37
781,AMZN,2/17/2015,377.72,379.985,372.67,375.43,3673208,375.43
782,AMZN,2/13/2015,378.41,383,377.01,381.83,3475069,381.83
783,AMZN,2/12/2015,375.1,378.51,373.15,377.17,2791050,377.17
784,AMZN,2/11/2015,371.23,377.1,371.1,375.14,2786523,375.14
785,AMZN,2/10/2015,371.19,374.3,368.51,372.995,2287232,372.995
786,AMZN,2/9/2015,371,374.41,367.2,370.56,2724630,370.56
787,AMZN,2/6/2015,374.87,375.9899,371.01,374.28,3892382,374.28
788,AMZN,2/5/2015,366,378.8,365.9,373.89,7247605,373.89
789,AMZN,2/4/2015,358.38,367.5,358.23,364.75,4169927,364.75
790,AMZN,2/3/2015,360.29,367.817,360.21,363.55,6212565,363.55
791,AMZN,2/2/2015,350.05,365,350.01,364.47,10231914,364.47
792,AMZN,1/30/2015,346.32,359.5,340.74,354.53,23856060,354.53
793,AMZN,1/29/2015,304.73,312.8,299.33,311.78,8656567,311.78
794,AMZN,1/28/2015,309.81,311.51,303.8,303.91,3063774,303.91
795,AMZN,1/27/2015,306.3,310.243,302.625,306.75,2920315,306.75
796,AMZN,1/26/2015,311.82,313,307.5201,309.66,3169665,309.66
797,AMZN,1/23/2015,308.08,316.93,307.72,312.39,4496419,312.39
798,AMZN,1/22/2015,300,312.25,300,310.32,5362640,310.32
799,AMZN,1/21/2015,289.64,306,287.26,297.25,10065076,297.25
800,AMZN,1/20/2015,292.59,293.3599,286.39,289.44,3075081,289.44
801,AMZN,1/16/2015,286.28,290.79,285.25,290.74,3478176,290.74
802,AMZN,1/15/2015,294,295.9995,286.815,286.95,4419196,286.95
803,AMZN,1/14/2015,291.93,295.91,286.503,293.27,5538666,293.27
804,AMZN,1/13/2015,297.48,301.4976,293.23,294.74,4136442,294.74
805,AMZN,1/12/2015,297.56,298.51,289.281,291.41,3421392,291.41
806,AMZN,1/9/2015,301.48,302.87,296.68,296.93,2570947,296.93
807,AMZN,1/8/2015,300.32,303.14,296.11,300.46,3088398,300.46
808,AMZN,1/7/2015,297.5,301.28,295.33,298.42,2640349,298.42
809,AMZN,1/6/2015,302.24,303,292.38,295.29,3519034,295.29
810,AMZN,1/5/2015,307.01,308.38,300.85,302.19,2774231,302.19
811,AMZN,1/2/2015,312.58,314.75,306.9601,308.52,2788101,308.52
812,AMZN,12/31/2014,311.55,312.98,310.01,310.35,2057766,310.35
813,AMZN,12/30/2014,309.91,313.94,309.34,310.3,2093023,310.3
814,AMZN,12/29/2014,307.85,314.27,306.58,312.04,3009046,312.04
815,AMZN,12/26/2014,305,310.7799,303.81,309.09,2893801,309.09
816,AMZN,12/24/2014,306.38,307,302.875,303.03,1518107,303.03
817,AMZN,12/23/2014,306.98,307.49,303.252,306.285,2718359,306.285
818,AMZN,12/22/2014,301.94,307.36,301.94,306.54,4003827,306.54
819,AMZN,12/19/2014,296.91,301.54,295.52,299.9,8709129,299.9
820,AMZN,12/18/2014,304.01,304.5,293.25,297.73,7738067,297.73
821,AMZN,12/17/2014,296.37,299.67,293.03,298.88,4433505,298.88
822,AMZN,12/16/2014,304.35,304.49,295.01,295.06,6501252,295.06
823,AMZN,12/15/2014,308.87,310.86,302.15,306.07,3841577,306.07
824,AMZN,12/12/2014,303.99,310.6399,303.01,307.32,3162322,307.32
825,AMZN,12/11/2014,307.89,312.64,306.01,307.36,3272919,307.36
826,AMZN,12/10/2014,312,313.19,304.68,305.84,3245890,305.84
827,AMZN,12/9/2014,302.99,313.639,301.14,312.5,4049506,312.5
828,AMZN,12/8/2014,311.57,316.56,304.821,306.64,3639180,306.64
829,AMZN,12/5/2014,316.8,316.93,310.84,312.63,3265214,312.63
830,AMZN,12/4/2014,315.53,318.59,313.47,316.93,3296642,316.93
831,AMZN,12/3/2014,325.73,326.77,314.36,316.5,5689904,316.5
832,AMZN,12/2/2014,327.5,327.93,323.25,326.31,2790257,326.31
833,AMZN,12/1/2014,338.12,340.64,325.93,326,4944861,326
834,AMZN,11/28/2014,336.03,341.26,336.03,338.64,3051798,338.64
835,AMZN,11/26/2014,333.78,334.65,331.75,333.57,1985949,333.57
836,AMZN,11/25/2014,335.27,336.3325,331.28,335.04,2564989,335.04
837,AMZN,11/24/2014,334.78,337.39,333.6,335.64,2754186,335.64
838,AMZN,11/21/2014,335.42,338.33,331.47,332.63,4466587,332.63
839,AMZN,11/20/2014,324,332.67,323.33,330.54,3436721,330.54
840,AMZN,11/19/2014,327.25,328.4,324.02,326.54,3281614,326.54
841,AMZN,11/18/2014,323.99,329.56,323.25,324.93,3551161,324.93
842,AMZN,11/17/2014,326.44,328,318.03,323.05,4784933,323.05
843,AMZN,11/14/2014,317.12,332.88,316.401,327.82,8877785,327.82
844,AMZN,11/13/2014,312,317.89,311.51,316.48,3686428,316.48
845,AMZN,11/12/2014,310.75,312.58,308.79,311.51,2182982,311.51
846,AMZN,11/11/2014,305.94,312.38,303.646,312.01,3807333,312.01
847,AMZN,11/10/2014,300,305.799,300,305.11,2809056,305.11
848,AMZN,11/7/2014,297.82,299.99,296.29,299.86,2647352,299.86
849,AMZN,11/6/2014,296.69,297,292.29,296.64,3758121,296.64
850,AMZN,11/5/2014,303.01,304,294.16,296.52,4674492,296.52
851,AMZN,11/4/2014,303.99,304.25,300.17,302.81,3427384,302.81
852,AMZN,11/3/2014,306.24,308.01,303.24,305.72,3244150,305.72
853,AMZN,10/31/2014,305.15,305.72,301.5,305.46,4551795,305.46
854,AMZN,10/30/2014,293.98,299.74,292.36,299.07,4055155,299.07
855,AMZN,10/29/2014,299.11,299.61,293.0701,294.12,4883259,294.12
856,AMZN,10/28/2014,289.76,298,289.76,295.59,5576646,295.59
857,AMZN,10/27/2014,285.7,290.42,285.02,289.97,5950594,289.97
858,AMZN,10/24/2014,284.4,293.81,284,287.06,19805911,287.06
859,AMZN,10/23/2014,313.4,316.8,311.4,313.18,9038193,313.18
860,AMZN,10/22/2014,315.43,318.98,312.64,312.97,3130049,312.97
861,AMZN,10/21/2014,309.9,315.64,307.07,315.33,3563351,315.33
862,AMZN,10/20/2014,302.95,306.53,302.02,306.21,3239490,306.21
863,AMZN,10/17/2014,307.15,309.2,302.72,303.64,4409218,303.64
864,AMZN,10/16/2014,293.83,306.82,293.83,302.86,4731866,302.86
865,AMZN,10/15/2014,304.35,307.9,299.102,305.97,5348254,305.97
866,AMZN,10/14/2014,308,312.24,305.75,308.31,3385809,308.31
867,AMZN,10/13/2014,309.87,313.2,303.47,306.45,4369850,306.45
868,AMZN,10/10/2014,314.02,317.77,311.38,311.39,3684314,311.39
869,AMZN,10/9/2014,321.49,322.271,314.52,315.37,3589464,315.37
870,AMZN,10/8/2014,316.58,324.11,314.14,322.7,3458960,322.7
871,AMZN,10/7/2014,319.43,322,316.67,316.98,2365698,316.98
872,AMZN,10/6/2014,323.5,324.13,319.6,322.2,2294194,322.2
873,AMZN,10/3/2014,320.36,325.16,319.53,322.74,3037891,322.74
874,AMZN,10/2/2014,316.92,318.53,311.31,318.41,3553944,318.41
875,AMZN,10/1/2014,322.04,322.165,315.55,317.46,3096735,317.46
876,AMZN,9/30/2014,321.36,323.43,318.51,322.44,2639967,322.44
877,AMZN,9/29/2014,320.5,323.75,319,321.82,1929589,321.82
878,AMZN,9/26/2014,320.6,323.5,317.64,323.21,3639155,323.21
879,AMZN,9/25/2014,327.99,328.54,321.4,321.93,2925241,321.93
880,AMZN,9/24/2014,324.17,329.44,319.56,328.21,2635754,328.21
881,AMZN,9/23/2014,322.46,327.6,321.25,323.63,2352600,323.63
882,AMZN,9/22/2014,328.49,329.49,321.06,324.5,3109700,324.5
883,AMZN,9/19/2014,327.6,332.7559,325.57,331.32,6886200,331.32
884,AMZN,9/18/2014,325.44,327.1,323.7105,325,2576900,325
885,AMZN,9/17/2014,327.76,328,321.52,324,4136000,324
886,AMZN,9/16/2014,321.07,329.48,320.1,327.76,3259900,327.76
887,AMZN,9/15/2014,330.91,331.33,319,323.89,4000400,323.89
888,AMZN,9/12/2014,329.56,332.89,328.79,331.19,3429300,331.19
889,AMZN,9/11/2014,329.94,333.01,326.39,330.52,2720200,330.52
890,AMZN,9/10/2014,334.3,334.98,328.82,331.33,3797400,331.33
891,AMZN,9/9/2014,341.61,341.76,329.18,329.75,4634000,329.75
892,AMZN,9/8/2014,344.54,345.81,339.04,342.34,2955300,342.34
893,AMZN,9/5/2014,346.3,346.827,342.5,346.38,2107000,346.38
894,AMZN,9/4/2014,343.69,349.38,343.58,345.95,3952200,345.95
895,AMZN,9/3/2014,342.54,343.27,337.55,339,1993700,339
896,AMZN,9/2/2014,339.98,342.5,337.1587,342.38,2326000,342.38
897,AMZN,8/29/2014,341.76,341.8199,337.68,339.04,1939500,339.04
898,AMZN,8/28/2014,340,341.79,338.8,340.02,2252700,340.02
899,AMZN,8/27/2014,342.09,346.67,341.34,343.18,2961600,343.18
900,AMZN,8/26/2014,337,344.36,334.55,341.83,3638200,341.83
901,AMZN,8/25/2014,333.21,336.77,332.71,334.02,1957700,334.02
902,AMZN,8/22/2014,332.99,334.08,330.8,331.59,2211200,331.59
903,AMZN,8/21/2014,336.48,336.582,332.23,332.91,1971100,332.91
904,AMZN,8/20/2014,334.68,337.16,334.022,335.78,1810500,335.78
905,AMZN,8/19/2014,334.87,335.81,333.01,335.13,1713800,335.13
906,AMZN,8/18/2014,335.48,337.8,333.77,334.53,2485400,334.53
907,AMZN,8/15/2014,334,335,328.32,333.63,3896700,333.63
908,AMZN,8/14/2014,327.8,334.09,326.71,333.21,3420400,333.21
909,AMZN,8/13/2014,327.6,331.72,326.14,326.28,4939100,326.28
910,AMZN,8/12/2014,318.89,321.31,316.95,319.32,1915800,319.32
911,AMZN,8/11/2014,318.48,320.38,316.88,318.33,2468600,318.33
912,AMZN,8/8/2014,311.94,317.32,310.66,316.8,2705900,316.8
913,AMZN,8/7/2014,315.21,315.8774,309.655,311.45,2935600,311.45
914,AMZN,8/6/2014,310.83,315.78,310.2,313.89,2296900,313.89
915,AMZN,8/5/2014,313.3,314.55,310.06,312.32,2852100,312.32
916,AMZN,8/4/2014,308.84,316.18,308.5,313.65,4200900,313.65
917,AMZN,8/1/2014,313.69,315.83,304.588,307.06,7441500,307.06
918,AMZN,7/31/2014,320.01,320.6836,311.86,312.99,5192000,312.99
919,AMZN,7/30/2014,321.45,322.73,318.5,322.51,3969000,322.51
920,AMZN,7/29/2014,321.98,322.8999,319.5,320,2883800,320
921,AMZN,7/28/2014,324.25,324.82,316.5,320.41,5932000,320.41
922,AMZN,7/25/2014,317.3,324.87,314.76,324.01,17846500,324.01
923,AMZN,7/24/2014,359.98,364.85,358.52,358.61,7000000,358.61
924,AMZN,7/23/2014,359.05,360.63,356.62,358.14,2687300,358.14
925,AMZN,7/22/2014,355.25,362.93,355.25,360.84,2888900,360.84
926,AMZN,7/21/2014,358.1,361.71,356.72,359.76,2278400,359.76
927,AMZN,7/18/2014,354.4,359.68,352.08,358.66,3407400,358.66
928,AMZN,7/17/2014,353.44,356.96,351.38,352.454,3636000,352.454
929,AMZN,7/16/2014,355.62,359.32,353,355.9,3503600,355.9
930,AMZN,7/15/2014,353.72,355.59,349.4,354.44,4170900,354.44
931,AMZN,7/14/2014,347.03,355.77,345.356,355.32,5609900,355.32
932,AMZN,7/11/2014,334.71,347,334.71,346.2,8300800,346.2
933,AMZN,7/10/2014,324.34,329.98,322.65,327.92,2665000,327.92
934,AMZN,7/9/2014,324.71,330.2,323.15,329.97,3166100,329.97
935,AMZN,7/8/2014,333.1,333.7397,321.4,323.81,4271600,323.81
936,AMZN,7/7/2014,337.5,337.55,332.52,333.55,2128900,333.55
937,AMZN,7/3/2014,334.83,338.3,333.08,337.492,1944300,337.492
938,AMZN,7/2/2014,333.2,336.76,331.66,332.85,2681300,332.85
939,AMZN,7/1/2014,325.86,333.2,325.1,332.39,3173600,332.39
940,AMZN,6/30/2014,324.98,326.98,322.24,324.78,2671300,324.78
941,AMZN,6/27/2014,325.88,326.52,323.27,324.57,2416200,324.57
942,AMZN,6/26/2014,328.49,328.65,322.13,325.69,2699500,325.69
943,AMZN,6/25/2014,324.33,328.15,321.74,327.44,2327800,327.44
944,AMZN,6/24/2014,327.54,329.73,322.738,324.16,2626600,324.16
945,AMZN,6/23/2014,323.33,327.55,321.41,327.24,2604800,327.24
946,AMZN,6/20/2014,327.76,328.22,320.42,324.2,6054000,324.2
947,AMZN,6/19/2014,335.255,338.9,325.98,327,5320600,327
948,AMZN,6/18/2014,328,335.75,325,334.38,6401500,334.38
949,AMZN,6/17/2014,327.54,331.34,325.23,325.62,2904200,325.62
950,AMZN,6/16/2014,324.86,328.6945,323.52,327.62,2396100,327.62
951,AMZN,6/13/2014,327.05,329.298,323.5262,326.27,2764800,326.27
952,AMZN,6/12/2014,335.55,335.55,324.66,325.91,4263000,325.91
953,AMZN,6/11/2014,336,340.7199,333.8772,335.2,4436800,335.2
954,AMZN,6/10/2014,327.65,335.5,327.5,332.41,3663400,332.41
955,AMZN,6/9/2014,331.57,333,325.65,327.5,3212200,327.5
956,AMZN,6/6/2014,325,330.88,324.93,329.67,5244000,329.67
957,AMZN,6/5/2014,308.1,327.94,306.9,323.57,7796700,323.57
958,AMZN,6/4/2014,306.85,309.5,303.84,306.78,2107100,306.78
959,AMZN,6/3/2014,305.75,307.92,305.07,307.19,2379200,307.19
960,AMZN,6/2/2014,312.59,312.6,307,308.84,2203400,308.84
961,AMZN,5/30/2014,314.43,314.65,307.57,312.55,4260200,312.55
962,AMZN,5/29/2014,310.42,314.87,310.2,313.78,2365500,313.78
963,AMZN,5/28/2014,309.5,313.82,307.42,310.16,2726000,310.16
964,AMZN,5/27/2014,314.41,314.6296,307.38,310.82,4862100,310.82
965,AMZN,5/23/2014,305.46,312.35,304.9,312.24,3052900,312.24
966,AMZN,5/22/2014,305.05,308.54,303.01,304.91,2576800,304.91
967,AMZN,5/21/2014,302.21,305.96,301.5201,305.01,3408800,305.01
968,AMZN,5/20/2014,297.1,304.46,296.75,301.19,4095700,301.19
969,AMZN,5/19/2014,295.76,299,293.81,296.755,2284200,296.755
970,AMZN,5/16/2014,292.8,298.88,291.55,297.7,3636800,297.7
971,AMZN,5/15/2014,298.02,299.2,290.38,295.19,4295100,295.19
972,AMZN,5/14/2014,302.5,304.64,296.66,297.62,3323300,297.62
973,AMZN,5/13/2014,302.6,305.6,300.75,304.64,3509900,304.64
974,AMZN,5/12/2014,294.3,303.34,294.16,302.86,3729600,302.86
975,AMZN,5/9/2014,290.57,293.68,284.38,292.24,4063000,292.24
976,AMZN,5/8/2014,290.82,295.8784,287.23,288.32,3848200,288.32
977,AMZN,5/7/2014,295.56,296.4,286.68,292.71,7015200,292.71
978,AMZN,5/6/2014,309.53,309.81,297.04,297.38,4682300,297.38
979,AMZN,5/5/2014,306.37,310.23,305,310.05,2519900,310.05
980,AMZN,5/2/2014,310.42,313.29,304.31,308.01,3995100,308.01
981,AMZN,5/1/2014,304.13,310.48,304,307.89,4328600,307.89
982,AMZN,4/30/2014,298.1,304.56,298.1,304.13,4088600,304.13
983,AMZN,4/29/2014,296.44,301.84,290.45,300.38,6509300,300.38
984,AMZN,4/28/2014,304,304.39,288,296.58,14479800,296.58
985,AMZN,4/25/2014,316.25,316.49,302.71,303.83,16180200,303.83
986,AMZN,4/24/2014,329.67,337.4,322.95,337.15,9293700,337.15
987,AMZN,4/23/2014,333.06,333.13,323.39,324.58,3604600,324.58
988,AMZN,4/22/2014,332,337.5,328.94,329.32,3711600,329.32
989,AMZN,4/21/2014,323.97,331.1499,322.31,330.87,2999400,330.87
990,AMZN,4/17/2014,319.76,328.66,319.76,324.91,4299200,324.91
991,AMZN,4/16/2014,321.17,324,314.71,323.68,4284900,323.68
992,AMZN,4/15/2014,316.7,318.28,305.5,316.08,5398600,316.08
993,AMZN,4/14/2014,317.67,320.48,311.28,315.91,4293500,315.91
994,AMZN,4/11/2014,314,316.5,309.5,311.73,7287500,311.73
995,AMZN,4/10/2014,330.6,331,316.5,317.11,6126700,317.11
996,AMZN,4/9/2014,328.47,332.18,322.5,331.805,5056600,331.805
997,AMZN,4/8/2014,321.88,328,318.44,327.07,6577600,327.07
998,AMZN,4/7/2014,320.99,324.94,313.13,317.76,7077400,317.76
999,AMZN,4/4/2014,335.15,335.44,315.61,323,12534600,323
1000,AMZN,4/3/2014,341.82,342.5,328.46,333.62,6399300,333.62
1001,AMZN,4/2/2014,345.99,348.295,340.38,341.96,4475500,341.96
1002,AMZN,4/1/2014,338.09,344.43,338,342.99,3600100,342.99
1003,AMZN,3/31/2014,342.4,346.29,334.06,336.365,4297500,336.365
1004,AMZN,3/28/2014,340.05,347,336.08,338.29,3986800,338.29
1005,AMZN,3/27/2014,343.15,343.9999,330.88,338.47,5766400,338.47
1006,AMZN,3/26/2014,357.13,357.6,343.4,343.41,4120700,343.41
1007,AMZN,3/25/2014,354.03,358.97,348.84,354.71,4445700,354.71
1008,AMZN,3/24/2014,360.09,361.5,348.6,351.85,4873500,351.85
1009,AMZN,3/21/2014,371,372.84,358.4,360.62,5414100,360.62
1010,AMZN,3/20/2014,370.64,373,366.22,368.97,2558500,368.97
1011,AMZN,3/19/2014,378.77,379,369.42,373.23,2646700,373.23
1012,AMZN,3/18/2014,377.32,379,375,378.77,2483500,378.77
1013,AMZN,3/17/2014,375.72,378.85,374.88,375.04,2303000,375.04
1014,AMZN,3/14/2014,372.8,378.568,371.55,373.74,4402200,373.74
1015,AMZN,3/13/2014,376.62,383.11,368.08,371.51,6829000,371.51
1016,AMZN,3/12/2014,366.4,371.16,363.61,370.64,2216600,370.64
1017,AMZN,3/11/2014,370.99,372.8,367.28,368.82,2246100,368.82
1018,AMZN,3/10/2014,372.69,372.73,367,370.53,2105800,370.53
1019,AMZN,3/7/2014,374.58,374.99,369.531,372.06,2279800,372.06
1020,AMZN,3/6/2014,374.05,375.33,368.9,372.16,2926600,372.16
1021,AMZN,3/5/2014,364.13,372.728,363.9,372.37,3848300,372.37
1022,AMZN,3/4/2014,363.9,365.68,362.46,363.9,2704400,363.9
1023,AMZN,3/3/2014,358.735,360.96,354.48,359.78,2798300,359.78
1024,AMZN,2/28/2014,360.6,365.865,357.084,362.1,3882000,362.1
1025,AMZN,2/27/2014,357.22,360.59,355.5,360.13,3104900,360.13
1026,AMZN,2/26/2014,359.86,364.75,357.17,359.8,3622100,359.8
1027,AMZN,2/25/2014,353,361.08,351.58,358.32,3736400,358.32
1028,AMZN,2/24/2014,345.19,353,343.29,351.78,3644700,351.78
1029,AMZN,2/21/2014,352.44,354.141,346.75,346.76,4210000,346.76
1030,AMZN,2/20/2014,348.8,350.46,344.38,349.8,3492800,349.8
1031,AMZN,2/19/2014,352.64,354.54,346.1,347.38,4168100,347.38
1032,AMZN,2/18/2014,355.28,355.73,349.45,353.65,4998000,353.65
1033,AMZN,2/14/2014,359.34,359.34,353.35,357.35,3520200,357.35
1034,AMZN,2/13/2014,347.7,357.2,346.5,357.2,4175000,357.2
1035,AMZN,2/12/2014,356.43,357.75,346.32,349.25,6587700,349.25
1036,AMZN,2/11/2014,361.842,363.61,356.25,361.79,3222100,361.79
1037,AMZN,2/10/2014,361.61,365,359.35,360.87,3449700,360.87
1038,AMZN,2/7/2014,358.98,361.8,352.49,361.08,4330500,361.08
1039,AMZN,2/6/2014,347.403,354.82,347.403,354.59,3335700,354.59
1040,AMZN,2/5/2014,346,349.37,337.73,346.45,4435400,346.45
1041,AMZN,2/4/2014,349.59,353.9975,344.02,347.95,4812900,347.95
1042,AMZN,2/3/2014,358.98,360.85,340.1,346.15,10280800,346.15
1043,AMZN,1/31/2014,371.76,375.45,357.76,358.69,16154800,358.69
1044,AMZN,1/30/2014,393.77,406.25,387.7,403.01,10473900,403.01
1045,AMZN,1/29/2014,392.16,392.85,383.24,384.2,3382300,384.2
1046,AMZN,1/28/2014,387.4,394.74,387.12,394.43,2894500,394.43
1047,AMZN,1/27/2014,390.5,394.1,380.49,386.28,3936800,386.28
1048,AMZN,1/24/2014,398.16,400.2,387.27,387.6,4458400,387.6
1049,AMZN,1/23/2014,401,406.17,397.79,399.87,3025400,399.87
1050,AMZN,1/22/2014,408,408.06,402,404.54,2060500,404.54
1051,AMZN,1/21/2014,403,407.8,401.6,407.05,3122100,407.05
1052,AMZN,1/17/2014,394.26,403.49,393.66,399.61,4505100,399.61
1053,AMZN,1/16/2014,393.68,399.29,389.41,395.8,2601200,395.8
1054,AMZN,1/15/2014,398.94,399.31,392.534,395.87,2678300,395.87
1055,AMZN,1/14/2014,392.13,398.63,391.29,397.54,2340100,397.54
1056,AMZN,1/13/2014,397.98,399.78,388.45,390.98,2844900,390.98
1057,AMZN,1/10/2014,402.53,403.764,393.8,397.66,2679500,397.66
1058,AMZN,1/9/2014,403.71,406.89,398.44,401.01,2103000,401.01
1059,AMZN,1/8/2014,398.47,403,396.04,401.92,2316500,401.92
1060,AMZN,1/7/2014,395.04,398.47,394.29,398.03,1916000,398.03
1061,AMZN,1/6/2014,395.85,397,388.42,393.63,3170600,393.63
1062,AMZN,1/3/2014,398.29,402.71,396.22,396.44,2210200,396.44
1063,AMZN,1/2/2014,398.8,399.36,394.02,397.97,2137800,397.97
1064,AMZN,12/31/2013,394.58,398.83,393.8,398.79,1996500,398.79
1065,AMZN,12/30/2013,399.41,399.92,392.45,393.37,2487100,393.37
1066,AMZN,12/27/2013,404.65,405.63,396.25,398.08,1986900,398.08
1067,AMZN,12/26/2013,401.79,404.52,396.81,404.39,1868500,404.39
1068,AMZN,12/24/2013,402.52,403.7249,396.37,399.2,1380400,399.2
1069,AMZN,12/23/2013,403.69,405,399.2,402.92,2659500,402.92
1070,AMZN,12/20/2013,396.55,404.72,395.78,402.2,5033900,402.2
1071,AMZN,12/19/2013,394.27,397.29,392.6,395.19,2427200,395.19
1072,AMZN,12/18/2013,389.23,396.3,383.1,395.96,3489100,395.96
1073,AMZN,12/17/2013,390.65,391.36,386.5,387.65,2343900,387.65
1074,AMZN,12/16/2013,385.03,391.7,385,388.97,2251700,388.97
1075,AMZN,12/13/2013,385.32,389.42,383.8,384.24,3025000,384.24
1076,AMZN,12/12/2013,381.26,385,379.5,381.25,2123700,381.25
1077,AMZN,12/11/2013,387.34,388.98,382,382.19,2451300,382.19
1078,AMZN,12/10/2013,383.74,389.06,383.02,387.78,2736800,387.78
1079,AMZN,12/9/2013,388.11,388.21,382.57,384.89,2761800,384.89
1080,AMZN,12/6/2013,388.35,388.35,383.83,386.95,1984700,386.95
1081,AMZN,12/5/2013,386.65,386.65,381.371,384.49,1906500,384.49
1082,AMZN,12/4/2013,383.5,389.69,381.4914,385.96,2355300,385.96
1083,AMZN,12/3/2013,390.11,390.949,383.1,384.66,3702900,384.66
1084,AMZN,12/2/2013,399,399,389.1,392.3,4714000,392.3
1085,AMZN,11/29/2013,389.1,394.0999,388.62,393.62,2406000,393.62
1086,AMZN,11/27/2013,383.5,387,382.611,386.71,2269700,386.71
1087,AMZN,11/26/2013,377.61,382.5,374.8175,381.37,2724400,381.37
1088,AMZN,11/25/2013,373.82,377.79,373.18,376.64,2972300,376.64
1089,AMZN,11/22/2013,370,374.5,366.31,372.31,2965500,372.31
1090,AMZN,11/21/2013,364.05,369.25,363.3,368.92,1964600,368.92
1091,AMZN,11/20/2013,367.56,367.56,360.45,362.57,1771500,362.57
1092,AMZN,11/19/2013,365.82,368.78,362.5,364.94,1904800,364.94
1093,AMZN,11/18/2013,370.28,373.49,364.67,366.18,2737400,366.18
1094,AMZN,11/15/2013,367.63,372.9,365.55,369.17,4491600,369.17
1095,AMZN,11/14/2013,357.39,368.94,356.43,367.396,4159800,367.396
1096,AMZN,11/13/2013,347.4,356.22,345.68,356.22,2773300,356.22
1097,AMZN,11/12/2013,352.99,355.4826,347.282,349.53,2343100,349.53
1098,AMZN,11/11/2013,350.59,355.37,348.06,354.378,2261700,354.378
1099,AMZN,11/8/2013,345.95,351.05,344.04,350.31,2656900,350.31
1100,AMZN,11/7/2013,355.86,357.9,341.88,343.56,4246300,343.56
1101,AMZN,11/6/2013,360.45,362.87,354.5,356.18,2282300,356.18
1102,AMZN,11/5/2013,356.78,360.17,354.84,358.892,2007100,358.892
1103,AMZN,11/4/2013,360.12,361,354.4,358.74,1938400,358.74
1104,AMZN,11/1/2013,365.63,365.77,356.1,359.002,3331000,359.002
1105,AMZN,10/31/2013,361.73,366,359,364.03,2466800,364.03
1106,AMZN,10/30/2013,362.62,365,358.65,361.08,4502200,361.08
1107,AMZN,10/29/2013,358.96,362.89,356.29,362.7,2185400,362.7
1108,AMZN,10/28/2013,359.92,362.75,357.2,358.16,3635800,358.16
1109,AMZN,10/25/2013,358.6,368.4,352.62,363.39,12036800,363.39
1110,AMZN,10/24/2013,329.63,332.6499,326.75,332.21,5884700,332.21
1111,AMZN,10/23/2013,330.84,331.72,324.0601,326.756,2818200,326.756
1112,AMZN,10/22/2013,327.72,337.11,325.68,332.54,3935500,332.54
1113,AMZN,10/21/2013,329.89,330,323.8,326.44,2522300,326.44
1114,AMZN,10/18/2013,319.36,331.89,316.75,328.931,5969800,328.931
1115,AMZN,10/17/2013,307.07,311,305.24,310.77,2648400,310.77
1116,AMZN,10/16/2013,308.38,310.8,305.554,310.49,2170700,310.49
1117,AMZN,10/15/2013,309.87,310.79,305.26,306.4,2261100,306.4
1118,AMZN,10/14/2013,309.22,311.645,307,310.7,1939100,310.7
1119,AMZN,10/11/2013,304.77,310.93,303.84,310.889,2163100,310.889
1120,AMZN,10/10/2013,304.63,306.7,302.5901,305.174,2555100,305.174
1121,AMZN,10/9/2013,303.42,303.4978,296.5025,298.23,3247400,298.23
1122,AMZN,10/8/2013,311.5,311.545,300.27,303.23,3166200,303.23
1123,AMZN,10/7/2013,315.24,315.3399,309.74,310.03,2083200,310.03
1124,AMZN,10/4/2013,315.13,319.2,312.62,319.04,1815000,319.04
1125,AMZN,10/3/2013,320.39,322.92,313.02,314.76,2674800,314.76
1126,AMZN,10/2/2013,318.04,321.73,317.52,320.51,2217400,320.51
1127,AMZN,10/1/2013,314.22,321,313.65,320.95,2396400,320.95
1128,AMZN,9/30/2013,313.41,315.31,311.06,312.64,1623600,312.64
1129,AMZN,9/27/2013,316.92,317.21,313.35,316.01,1657500,316.01
1130,AMZN,9/26/2013,313.9,319.37,313.26,318.12,1989900,318.12
1131,AMZN,9/25/2013,314.53,316.71,310.75,312.65,2008600,312.65
1132,AMZN,9/24/2013,312.43,318.0799,311.28,314.13,2033600,314.13
1133,AMZN,9/23/2013,314.01,315.9,308.771,311.49,1884900,311.49
1134,AMZN,9/20/2013,312.54,320.57,312.41,316.34,5302300,316.34
1135,AMZN,9/19/2013,313.77,314.54,311.04,312.06,2350900,312.06
1136,AMZN,9/18/2013,304.06,312.74,302.91,312.034,2946400,312.034
1137,AMZN,9/17/2013,297.63,304.65,296.0101,304.17,2296500,304.17
1138,AMZN,9/16/2013,299.82,301,295.26,296.06,1808400,296.06
1139,AMZN,9/13/2013,300.14,300.22,296.201,297.92,1350600,297.92
1140,AMZN,9/12/2013,299.39,302,297.661,298.86,1606200,298.86
1141,AMZN,9/11/2013,298.91,301.86,297.84,299.64,1742600,299.64
1142,AMZN,9/10/2013,300.55,301,297.22,300.36,1778400,300.36
1143,AMZN,9/9/2013,297.22,299.96,296.6,299.71,1643600,299.71
1144,AMZN,9/6/2013,295.33,298.88,290.8,295.86,2292000,295.86
1145,AMZN,9/5/2013,293.63,297,292.71,294.1,1816600,294.1
1146,AMZN,9/4/2013,288.33,295.23,287.58,293.64,2438600,293.64
1147,AMZN,9/3/2013,284.73,291.39,284.17,288.8,2897600,288.8
1148,AMZN,8/30/2013,284.59,284.87,280,280.98,1534700,280.98
1149,AMZN,8/29/2013,281.45,285.98,280,283.98,1566400,283.98
1150,AMZN,8/28/2013,280.36,283,279.33,281.58,1457100,281.58
1151,AMZN,8/27/2013,283.87,285.28,279.74,280.93,2476000,280.93
1152,AMZN,8/26/2013,290.43,291.0499,285.6207,286.21,1711700,286.21
1153,AMZN,8/23/2013,291.21,291.5,287.9,290.01,1961900,290.01
1154,AMZN,8/22/2013,284.8,289.87,284.8,289.73,1422600,289.73
1155,AMZN,8/21/2013,285.09,288.5,283.83,284.57,1815300,284.57
1156,AMZN,8/20/2013,285.88,289.515,285.74,287.09,1586300,287.09
1157,AMZN,8/19/2013,285.19,289.56,283.48,285.57,2477400,285.57
1158,AMZN,8/16/2013,286.55,288.33,284.5,284.82,2422500,284.82
1159,AMZN,8/15/2013,288.79,289.3,285.15,286.47,2261400,286.47
1160,AMZN,8/14/2013,294.29,294.29,290.54,291.34,1415000,291.34
1161,AMZN,8/13/2013,295.88,296.37,290.67,293.97,2349900,293.97
1162,AMZN,8/12/2013,295.79,299.08,295.26,296.69,1504500,296.69
1163,AMZN,8/9/2013,295.68,299.27,294.2987,297.26,1950300,297.26
1164,AMZN,8/8/2013,298.52,298.52,292.5501,295.74,2343400,295.74
1165,AMZN,8/7/2013,300.15,300.99,296.15,296.91,1961000,296.91
1166,AMZN,8/6/2013,300.51,301.36,297.52,300.75,1849000,300.75
1167,AMZN,8/5/2013,303.4,303.62,298.3,300.99,2233200,300.99
1168,AMZN,8/2/2013,304.63,305.33,301.5,304.21,2502600,304.21
1169,AMZN,8/1/2013,303.08,306.21,298.905,305.57,2971700,305.57
1170,AMZN,7/31/2013,303.91,305.15,301,301.22,1891300,301.22
1171,AMZN,7/30/2013,307.72,309.7833,301.57,302.41,3053400,302.41
1172,AMZN,7/29/2013,311.07,313,305.9,306.1,3211800,306.1
1173,AMZN,7/26/2013,299.55,313.62,295.55,312.01,8817500,312.01
1174,AMZN,7/25/2013,299,304.5,296.75,303.4,5405800,303.4
1175,AMZN,7/24/2013,303.02,303.84,298.04,298.94,2000500,298.94
1176,AMZN,7/23/2013,303.16,305.06,300.56,301.06,1999600,301.06
1177,AMZN,7/22/2013,309.25,309.25,302,303.48,2520700,303.48
1178,AMZN,7/19/2013,304.39,305.79,301.91,305.23,2973100,305.23
1179,AMZN,7/18/2013,306.27,306.3408,301.87,304.11,3063800,304.11
1180,AMZN,7/17/2013,306.97,308.8,305.69,308.69,2029700,308.69
1181,AMZN,7/16/2013,307.3,309.39,305.5119,306.87,2660200,306.87
1182,AMZN,7/15/2013,307.27,307.99,304.35,306.57,2245600,306.57
1183,AMZN,7/12/2013,298.69,307.55,298.5,307.55,4539300,307.55
1184,AMZN,7/11/2013,294.99,300.69,292.1,299.66,4007300,299.66
1185,AMZN,7/10/2013,291.41,293.34,289.4,292.33,1810200,292.33
1186,AMZN,7/9/2013,291,292.57,288.01,291.53,2775600,291.53
1187,AMZN,7/8/2013,286.42,291.67,286.14,290.59,3046700,290.59
1188,AMZN,7/5/2013,285,286.3799,282.07,285.88,1985400,285.88
1189,AMZN,7/3/2013,282.6,285.4,282,284.03,1373000,284.03
1190,AMZN,7/2/2013,281.04,286.58,280.59,283.73,3238200,283.73
1191,AMZN,7/1/2013,279,283.29,277.16,282.1,2888200,282.1
1192,AMZN,6/28/2013,276.19,279.83,276.19,277.69,3193300,277.69
1193,AMZN,6/27/2013,279.18,280.2,274.54,277.55,2519500,277.55
1194,AMZN,6/26/2013,273.98,277.98,273.5001,277.57,3029500,277.57
1195,AMZN,6/25/2013,272.3,273.47,269,272.088,2449600,272.088
1196,AMZN,6/24/2013,271.29,273.16,265,270.61,3863800,270.61
1197,AMZN,6/21/2013,274.57,275.8399,269.79,273.36,4201000,273.36
1198,AMZN,6/20/2013,275.14,278.6,272.39,273.44,2984000,273.44
1199,AMZN,6/19/2013,281.26,283.34,277.87,278.16,2827500,278.16
1200,AMZN,6/18/2013,279.08,282.91,278.11,281.76,2146100,281.76
1201,AMZN,6/17/2013,276.35,280.2,275.65,278.06,2884000,278.06
1202,AMZN,6/14/2013,275,277.07,273.442,273.99,2150800,273.99
1203,AMZN,6/13/2013,271.5,276.8,270.2901,275.79,2649800,275.79
1204,AMZN,6/12/2013,276.6,276.8,270.45,271.67,2238900,271.67
1205,AMZN,6/11/2013,276,278.411,274.24,274.78,3097800,274.78
1206,AMZN,6/10/2013,276.68,282.47,275.24,281.07,3086500,281.07
1207,AMZN,6/7/2013,269.74,280.1,269.13,276.87,4632600,276.87
1208,AMZN,6/6/2013,267.75,270.5,264.21,267.83,2476300,267.83
1209,AMZN,6/5/2013,265.81,271.66,265.02,267.17,3512300,267.17
1210,AMZN,6/4/2013,267,268.88,263.02,265.7,2088600,265.7
1211,AMZN,6/3/2013,268.96,269.11,262.95,266.88,2543900,266.88
1212,AMZN,5/31/2013,266,271.91,265.94,269.2,3374300,269.2
1213,AMZN,5/30/2013,265.71,268.57,265.615,266.83,1667500,266.83
1214,AMZN,5/29/2013,265.46,268.25,264.844,265.53,1903400,265.53
1215,AMZN,5/28/2013,266.48,271.1,266,267.29,3471000,267.29
1216,AMZN,5/24/2013,259.85,261.93,258.34,261.74,1696300,261.74
1217,AMZN,5/23/2013,260.49,263.17,259.59,261.8,2000300,261.8
1218,AMZN,5/22/2013,267.39,267.59,260.8,262.96,3332000,262.96
1219,AMZN,5/21/2013,268.74,270.77,267.66,268.86,1741200,268.86
1220,AMZN,5/20/2013,269,271.79,266.5,267.63,2209000,267.63
1221,AMZN,5/17/2013,265.83,269.98,265,269.9,2527300,269.9
1222,AMZN,5/16/2013,265.96,268.43,263.85,264.12,1643500,264.12
1223,AMZN,5/15/2013,267.07,269.05,264.56,266.56,2720500,266.56
1224,AMZN,5/14/2013,264.5,269.4,264.028,268.33,2700000,268.33
1225,AMZN,5/13/2013,262.77,265.88,262,264.51,2149500,264.51
1226,AMZN,5/10/2013,260.88,263.65,260.21,263.63,3145300,263.63
1227,AMZN,5/9/2013,258.73,263.55,256.88,260.16,2769300,260.16
1228,AMZN,5/8/2013,256.87,260.295,255.334,258.68,2677000,258.68
1229,AMZN,5/7/2013,256.31,259.74,252.9101,257.73,3133700,257.73
1230,AMZN,5/6/2013,258.09,259.5,253.4201,255.72,2347800,255.72
1231,AMZN,5/3/2013,256.14,259.25,254.7,258.05,3514000,258.05
1232,AMZN,5/2/2013,248.94,252.93,245.78,252.55,3936200,252.55
1233,AMZN,5/1/2013,253.9,254.2,245.75,248.23,4391400,248.23
1234,AMZN,4/30/2013,249.3701,254.68,248.56,253.81,4248800,253.81
1235,AMZN,4/29/2013,254.9,257.01,249.15,249.74,7117000,249.74
1236,AMZN,4/26/2013,269.97,272.02,252.81,254.81,14030000,254.81
1237,AMZN,4/25/2013,271.53,275.8,270.5,274.7,6116500,274.7
1238,AMZN,4/24/2013,269.5,271.47,266.81,268.78,1852800,268.78
1239,AMZN,4/23/2013,264.5,269.87,264.5,268.9,2270600,268.9
1240,AMZN,4/22/2013,259.35,264.6,258.03,263.55,2119100,263.55
1241,AMZN,4/19/2013,258.16,262.88,257.5,260.32,2602500,260.32
1242,AMZN,4/18/2013,266.81,266.9899,256.6,259.42,3137600,259.42
1243,AMZN,4/17/2013,270.8,270.85,264.25,267.4,3135100,267.4
1244,AMZN,4/16/2013,269.31,272.8,268.06,272.34,2137200,272.34
1245,AMZN,4/15/2013,271.08,275.12,267.1,267.72,3326000,267.72
1246,AMZN,4/12/2013,270.12,273.27,267.02,272.87,2866300,272.87
1247,AMZN,4/11/2013,264.74,270.97,264.74,269.85,3090500,269.85
1248,AMZN,4/10/2013,261.78,265.98,259.32,264.77,2322500,264.77
1249,AMZN,4/9/2013,258.85,262.61,257,261.14,2156600,261.14
1250,AMZN,4/8/2013,255.92,259.679,255.63,258.95,2295600,258.95
1251,AMZN,4/5/2013,255.72,256.18,253.67,255.48,2557400,255.48
1252,AMZN,4/4/2013,259.23,260.41,256.12,259.08,1964400,259.08
1253,AMZN,4/3/2013,262.12,263.67,257.75,259.03,2413800,259.03
1254,AMZN,4/2/2013,262.4,265.89,260.55,263.322,2631100,263.322
1255,AMZN,4/1/2013,266.98,267.4,261.01,261.61,2524800,261.61
1256,AMZN,3/28/2013,265.82,267.375,264.06,266.49,2473700,266.49
1257,AMZN,3/27/2013,258.75,265.93,257.9,265.3,2874900,265.3
1258,AMZN,3/26/2013,257.05,261.48,256.28,260.31,2421000,260.31
1259,AMZN,3/25/2013,258.58,259.429,254.5,256.02,2513900,256.02
1260,AMZN,3/22/2013,254.55,257.77,252.07,257.75,3124600,257.75
1261,AMZN,3/21/2013,256.11,257,252.68,253.39,2806400,253.39
1262,AMZN,3/20/2013,258.05,259.76,254.5501,257.278,2738900,257.278
1263,AMZN,3/19/2013,258.4,259.5,252.62,256.41,3738500,256.41
1264,AMZN,3/18/2013,259.3,261.49,257.12,257.89,2720200,257.89
1265,AMZN,3/15/2013,264.98,267.26,260.05,261.82,4865900,261.82
1266,AMZN,3/14/2013,269.67,270,263.53,265.74,5226700,265.74
1267,AMZN,3/13/2013,275.24,276.5,272.64,275.1,1884200,275.1
1268,AMZN,3/12/2013,271,277.4,270.3601,274.13,3246200,274.13
1269,AMZN,3/11/2013,273.43,273.99,270.4,271.24,1904900,271.24
1270,AMZN,3/8/2013,275,275.44,271.5,274.19,1879800,274.19
1271,AMZN,3/7/2013,274.1,274.8,271.85,273.88,1939000,273.88
1272,AMZN,3/6/2013,275.76,276.489,271.832,273.79,2050700,273.79
1273,AMZN,3/5/2013,274,276.68,269.99,275.59,3686200,275.59
1274,AMZN,3/4/2013,265.36,273.3,264.14,273.11,3453000,273.11
1275,AMZN,3/1/2013,263.27,266.6,261.04,265.74,2957000,265.74
1276,AMZN,2/28/2013,261.81,267,260.63,264.27,2667200,264.27
1277,AMZN,2/27/2013,259.4,265.83,256.86,263.25,2908100,263.25
1278,AMZN,2/26/2013,260.89,262.04,255.73,259.36,3348600,259.36
1279,AMZN,2/25/2013,266.94,268.694,259.65,259.87,3032400,259.87
1280,AMZN,2/22/2013,266.62,267.11,261.61,265.42,3124800,265.42
1281,AMZN,2/21/2013,265.12,269.48,263.25,265.94,3637400,265.94
1282,AMZN,2/20/2013,270.2,274.3,266.371,266.41,3528900,266.41
1283,AMZN,2/19/2013,265.91,270.11,264.5,269.75,2854200,269.75
1284,AMZN,2/15/2013,267.63,268.92,263.11,265.09,3979900,265.09
1285,AMZN,2/14/2013,267.37,270.65,265.4,269.24,3463000,269.24
1286,AMZN,2/13/2013,261.53,269.96,260.3,269.47,5293000,269.47
1287,AMZN,2/12/2013,259.19,260.16,257,258.7,2943700,258.7
1288,AMZN,2/11/2013,263.2,263.25,256.6,257.21,3403700,257.21
1289,AMZN,2/8/2013,261.4,265.25,260.555,261.95,3879200,261.95
1290,AMZN,2/7/2013,264.1,264.1,255.11,260.23,3975700,260.23
1291,AMZN,2/6/2013,265.16,266.89,261.11,262.22,2770400,262.22
1292,AMZN,2/5/2013,262,268.03,261.46,266.89,4012900,266.89
1293,AMZN,2/4/2013,262.78,264.684,259.07,259.98,3723600,259.98
1294,AMZN,2/1/2013,268.93,268.93,262.8,265,6115000,265
1295,AMZN,1/31/2013,271.04,275.94,263.6991,265.5,6772100,265.5
1296,AMZN,1/30/2013,283,284.2,267.11,272.764,13075400,272.764
1297,AMZN,1/29/2013,275.35,275.46,258.35,260.35,10172600,260.35
1298,AMZN,1/28/2013,283.78,284.48,274.4,276.04,4321400,276.04
1299,AMZN,1/25/2013,275,284.72,274.4,283.99,4968100,283.99
1300,AMZN,1/24/2013,269.37,276.65,269.37,273.62,3417000,273.62
1301,AMZN,1/23/2013,270.57,271.09,266.65,268.11,2508900,268.11
1302,AMZN,1/22/2013,271.62,272.1,269.23,270.19,2137700,270.19
1303,AMZN,1/18/2013,270.83,274.5,269.6,272.12,2942000,272.12
1304,AMZN,1/17/2013,271.43,271.97,269.21,270.48,1884600,270.48
1305,AMZN,1/16/2013,270.53,271.24,267.83,268.93,2065600,268.93
1306,AMZN,1/15/2013,270.68,272.73,269.3,271.9,2326900,271.9
1307,AMZN,1/14/2013,268,274.26,267.54,272.73,4275000,272.73
1308,AMZN,1/11/2013,265.1,268.43,264.11,267.94,2413300,267.94
1309,AMZN,1/10/2013,268.54,268.74,262.3,265.34,2863400,265.34
1310,AMZN,1/9/2013,268.17,269.5,265.401,266.35,2265600,266.35
1311,AMZN,1/8/2013,267.07,268.98,263.567,266.38,3010700,266.38
1312,AMZN,1/7/2013,262.97,269.725,262.67,268.4592,4910000,268.4592
1313,AMZN,1/4/2013,257.58,259.8,256.65,259.15,1874200,259.15
1314,AMZN,1/3/2013,257.27,260.88,256.37,258.48,2750900,258.48
1315,AMZN,1/2/2013,256.08,258.0999,253.26,257.31,3271000,257.31
